質問項目,性別,年齢,年代,職業,職種,従業員数（民間企業）,居住地,居住地（7区分）,勤務地,勤務地（7区分）,1.あなたの職場では、ポジションごとに求められる役割や、その役割の遂行に当たり必要な知識・スキルが明確に示されている。,2.あなたは、現在従事するポジションに求められる役割の遂行に当たり必要な知識・スキルを習得するために、トレーニングの機会を与えられるなど、組織から十分なサポートを受けている。,3.あなたが公務組織（民間企業）で身に付けた知識・スキルは、民間企業（公務組織）でも活かせると思う。,4.あなたは、リスキリング（新しい仕事をするために学ぶこと、職業能力の再開発・再教育）に関心がある。,5.あなたは、業務に関する知識・スキルの保有状況を組織内で共有・公開したいと思う。（その情報は、例えば人事異動の検討などに活用することが想定されます。）,6.あなたは、業務と関係のない特技や趣味といった、業務外でのあなた自身のことを深く知ることにつながる情報を組織内で共有・公開したいと思う。（組織内でのコミュニケーション活性化に活用することが想定されます。）,7.あなたは、将来、どのような職務に従事したいか、そのために今からどのようなキャリアを歩みたいかについて、具体的に考えている。,8.あなたは、自分自身のキャリアやスキルアップのための自己研鑽（業務として行うものではないもの）に取り組んでいますか。,9.あなたの職場では、自分自身のキャリア（例えば将来歩みたいキャリアパスなど）について上司や人事担当者などに気軽に相談できる機会や仕組みがある。,10.あなたは、選べるとしたら、１つの部署に長年在籍して特定の専門分野を極めたいですか。それとも、様々な部署を経験し、その組織全体の総合的な知識を身に付けたいですか。,11.次の８つの選択肢のうち、「働くうえで、自分にとって最も重要と感じること」を１つ選択してください。,12.あなたは、「転職」や「人材の流動化」について、ポジティブとネガティブのどちらの印象をより強くお持ちですか。,13.あなた自身は、今後、転職することを考えていますか。,14.あなたは、民間企業（各府省庁（国家公務員））への転職に関心がある。,15.あなたは、あなたの所属する組織のミッション・ビジョン・バリューやパーパスに共感している。,16.あなたは、仕事を進めるにあたり十分な裁量を与えられている。,17.あなたは、いまの職場の仕事に熱中することができている。,18.あなたは、これまでの自分自身の人事異動に納得している。,19.あなたの職場では、業務効率化の取組みが積極的に行われている。,20.あなたの職場では、適切な人員配置が行われている。,21.あなたは、上司や人事担当者には、従業員（職員）一人一人のキャリア志向、成した成果などについて、もっと丁寧に向き合ってほしいと思う。,22.あなたは、これまでの自分自身に対する人事評価に納得している。,23.あなたの職場では、従業員（職員）を大切にする風土がある。,24.あなたの職場では、何事も気軽に相談できる雰囲気がある。,25.あなたは、現在の勤務時間や勤務場所に不都合を感じることはない（状況に合わせた柔軟な働き方ができている）。,26.あなたは、いまの職場で働くことに満足している。,27.あなたは、現在の職場を親しい友人や知人に勧めたいと思う。,28.従業員（職員）の満足度ややりがいを高める目的で、人事部門があなたの個人情報の提供を求めたり、実際に収集し分析したりすることに抵抗はない。
回答選択肢,1.男性　2.女性　3.無回答　,,1.24歳以下　2.25〜29歳　3.30〜34歳　4.35〜39歳　5.40〜44歳　6.45〜49歳　7.50〜54歳　8.55〜59歳　9.60〜65歳,1.会社員　2.国家公務員（常勤）,1.事務・技術関係職種（事務系の業務や技術系の知識を要する業務　例：総務、企画、財務、営業、統計、設計、製造、指導、作業管理等）　2.特定分野の専門知識や特殊技能を要する職種（教員、医師、看護師等）　3.技能労務系の職種（運転手等）　4.生産労働者（工員等）　5.その他　9.公務　,"1.50人未満　2.50人以上300人未満　3.300人以上1,000人未満　4.1,000人以上5,000人未満　5.5,000人以上　9.公務",1.北海道　2.青森県　3.岩手県　4.宮城県　5.秋田県　6.山形県　7.福島県　8.茨城県　9.栃木県　10.群馬県　11.埼玉県　12.千葉県　13.東京都　14.神奈川県　15.新潟県　16.富山県　17.石川県　18.福井県　19.山梨県　20.長野県　21.岐阜県　22.静岡県　23.愛知県　24.三重県　25.滋賀県　26.京都府　27.大阪府　28.兵庫県　29.奈良県　30.和歌山県　31.鳥取県　32.島根県　33.岡山県　34.広島県　35.山口県　36.徳島県　37.香川県　38.愛媛県　39.高知県　40.福岡県　41.佐賀県　42.長崎県　43.熊本県　44.大分県　45.宮崎県　46.鹿児島県　47.沖縄県　,1.北海道・東北　2.関東（東京都除く）　3.東京都　4.中部　5.近畿　6.中国・四国　7.九州・沖縄,1.北海道　2.青森県　3.岩手県　4.宮城県　5.秋田県　6.山形県　7.福島県　8.茨城県　9.栃木県　10.群馬県　11.埼玉県　12.千葉県　13.東京都　14.神奈川県　15.新潟県　16.富山県　17.石川県　18.福井県　19.山梨県　20.長野県　21.岐阜県　22.静岡県　23.愛知県　24.三重県　25.滋賀県　26.京都府　27.大阪府　28.兵庫県　29.奈良県　30.和歌山県　31.鳥取県　32.島根県　33.岡山県　34.広島県　35.山口県　36.徳島県　37.香川県　38.愛媛県　39.高知県　40.福岡県　41.佐賀県　42.長崎県　43.熊本県　44.大分県　45.宮崎県　46.鹿児島県　47.沖縄県　,1.北海道・東北　2.関東（東京都除く）　3.東京都　4.中部　5.近畿　6.中国・四国　7.九州・沖縄,1.全くその通り　2.どちらかといえばその通り　3.どちらともいえない　4.どちらかといえば違う　5.全く違う　,1.全くその通り　2.どちらかといえばその通り　3.どちらともいえない　4.どちらかといえば違う　5.全く違う　,1.全くその通り　2.どちらかといえばその通り　3.どちらともいえない　4.どちらかといえば違う　5.全く違う　,1.全くその通り　2.どちらかといえばその通り　3.どちらともいえない　4.どちらかといえば違う　5.全く違う　,1.全くその通り　2.どちらかといえばその通り　3.どちらともいえない　4.どちらかといえば違う　5.全く違う　,1.全くその通り　2.どちらかといえばその通り　3.どちらともいえない　4.どちらかといえば違う　5.全く違う　,1.全くその通り　2.どちらかといえばその通り　3.どちらともいえない　4.どちらかといえば違う　5.全く違う　,1.やったことがある／現在、やっている　2.1年以内にやろうと思っている　3.将来的にはやりたいと思っている　4.やる予定はない　,1.全くその通り　2.どちらかといえばその通り　3.どちらともいえない　4.どちらかといえば違う　5.全く違う　,1.専門分野を極めたい　2.どちらかといえば専門分野を極めたい　3.どちらともいえない　4.どちらかといえば総合的な知識を身に付けたい　5.総合的な知識を身に付けたい　,1.自分の知識・スキルの専門性を高め、活用できること　2.組織の中で、責任のある役割を担うこと　3.仕事を自分のやり方で仕切っていくこと　4.経済的な安定　5.クリエイティブに新しいことを生み出したり、自身が会社や事業を起こすこと　6.社会に貢献したり、奉仕したりすること　7.解決困難な問題に挑むこと　8.ワーク・ライフ・バランス　,1.ポジティブ　2.どちらかといえばポジティブ　3.どちらともいえない　4.どちらかといえばネガティブ　5.ネガティブ　,1.現在、転職活動中である　2.数年以内に転職することを考えている　3.将来的には転職することを考えている　4.どちらともいえない　5.全く考えていない　,1.関心がかなりある　2.どちらかというと関心がある　3.どちらともいえない　4.どちらかというと関心がない　5.関心が全くない　,1.全くその通り　2.どちらかといえばその通り　3.どちらともいえない　4.どちらかといえば違う　5.全く違う　6.組織のミッション・ビジョン・バリューやパーパスを知らない　7.組織のミッション・ビジョン・バリューやパーパスが定められていない　,1.全くその通り　2.どちらかといえばその通り　3.どちらともいえない　4.どちらかといえば違う　5.全く違う　,1.全くその通り　2.どちらかといえばその通り　3.どちらともいえない　4.どちらかといえば違う　5.全く違う　,1.全くその通り　2.どちらかといえばその通り　3.どちらともいえない　4.どちらかといえば違う　5.全く違う　,1.全くその通り　2.どちらかといえばその通り　3.どちらともいえない　4.どちらかといえば違う　5.全く違う　,1.全くその通り　2.どちらかといえばその通り　3.どちらともいえない　4.どちらかといえば違う　5.全く違う　,1.全くその通り　2.どちらかといえばその通り　3.どちらともいえない　4.どちらかといえば違う　5.全く違う　,1.全くその通り　2.どちらかといえばその通り　3.どちらともいえない　4.どちらかといえば違う　5.全く違う　,1.全くその通り　2.どちらかといえばその通り　3.どちらともいえない　4.どちらかといえば違う　5.全く違う　,1.全くその通り　2.どちらかといえばその通り　3.どちらともいえない　4.どちらかといえば違う　5.全く違う　,1.全くその通り　2.どちらかといえばその通り　3.どちらともいえない　4.どちらかといえば違う　5.全く違う　,1.全くその通り　2.どちらかといえばその通り　3.どちらともいえない　4.どちらかといえば違う　5.全く違う　,1.全くその通り　2.どちらかといえばその通り　3.どちらともいえない　4.どちらかといえば違う　5.全く違う　,1.全くその通り　2.どちらかといえばその通り　3.どちらともいえない　4.どちらかといえば違う　5.全く違う　
回答者1,2,24,1,1,1,4,1,1,1,1,2,2,2,2,1,1,2,2,2,2,4,2,2,2,2,1,1,1,2,2,2,2,2,2,1,2,1,1
回答者2,2,24,1,1,1,3,3,1,3,1,4,3,4,3,3,4,5,4,5,5,4,4,5,5,7,4,3,3,3,4,4,4,3,4,3,4,3,3
回答者3,2,23,1,1,2,3,1,1,1,1,2,3,2,1,2,2,1,1,1,2,2,2,2,2,2,3,2,3,2,3,2,2,1,2,2,2,1,1
回答者4,2,22,1,1,1,2,3,1,3,1,2,4,4,2,1,2,4,1,2,2,4,4,4,3,3,4,2,3,4,4,1,4,2,2,2,4,2,2
回答者5,1,24,1,1,4,2,7,1,7,1,2,2,3,2,1,3,2,2,2,2,4,3,3,4,7,3,1,1,2,1,2,1,1,3,2,2,1,1
回答者6,1,23,1,1,2,4,1,1,1,1,2,2,2,2,3,3,4,4,2,3,4,3,1,5,4,2,2,3,3,2,3,3,3,2,2,4,3,3
回答者7,2,20,1,1,1,3,4,1,4,1,4,2,5,3,4,4,5,4,5,3,4,5,1,2,6,2,5,5,2,4,1,3,3,5,1,5,5,4
回答者8,1,21,1,1,1,5,3,1,3,1,4,4,5,4,4,4,2,2,2,3,2,2,3,2,4,2,2,2,3,3,2,2,1,2,2,2,2,2
回答者9,2,25,2,1,1,2,3,1,3,1,2,2,3,2,2,2,2,1,2,2,5,2,5,4,3,2,2,2,2,2,4,2,2,2,2,2,2,2
回答者10,1,27,2,1,1,2,4,1,4,1,3,3,3,3,3,3,3,4,5,3,8,3,5,5,5,3,3,3,3,3,3,3,3,3,3,1,3,3
回答者11,1,29,2,1,1,3,2,1,4,1,2,2,2,3,3,2,2,2,2,2,4,2,2,2,3,2,2,2,2,3,3,2,2,2,3,3,2,2
回答者12,2,29,2,1,5,3,1,1,1,1,3,3,5,3,3,3,2,3,3,3,2,1,3,3,3,3,3,3,4,2,3,3,4,4,4,3,3,3
回答者13,2,28,2,1,1,5,2,1,2,1,3,3,3,3,3,3,5,4,3,1,2,1,2,2,1,3,2,3,1,1,3,2,2,2,2,3,2,3
回答者14,2,30,3,1,2,2,6,1,6,1,1,2,2,1,3,2,1,2,1,1,3,1,4,1,5,1,1,4,4,1,2,2,2,1,1,3,2,1
回答者15,2,33,3,1,1,5,1,1,1,1,2,3,2,3,2,1,5,1,2,2,1,5,5,1,5,3,3,2,2,3,2,3,3,2,1,1,2,5
回答者16,1,30,3,1,3,1,3,1,3,1,2,4,4,5,4,5,4,4,4,4,1,3,2,4,3,4,5,4,4,5,4,4,4,5,5,5,5,5
回答者17,1,30,3,1,4,3,7,1,7,1,3,3,4,3,3,3,4,4,5,3,4,1,2,3,7,3,4,4,4,4,5,3,5,5,4,5,4,5
回答者18,2,32,3,1,4,2,3,1,3,1,2,1,4,5,5,2,4,4,3,3,4,2,5,5,6,2,2,2,3,3,3,2,2,1,1,1,2,5
回答者19,1,32,3,1,2,1,1,1,1,1,3,3,2,3,2,2,2,1,2,2,2,2,2,2,2,3,2,2,2,3,2,1,3,2,2,2,2,3
回答者20,2,38,4,1,2,4,6,1,6,1,2,2,2,2,2,2,3,3,2,1,4,3,4,3,4,3,3,4,5,5,2,5,1,1,1,2,2,4
回答者21,2,36,4,1,2,1,1,1,1,1,2,2,2,1,2,2,2,1,2,4,1,2,3,2,2,2,2,2,3,2,2,2,1,1,2,2,2,2
回答者22,1,37,4,1,3,2,1,1,1,1,3,3,3,2,4,4,4,3,3,2,4,2,4,4,3,2,3,3,3,3,2,3,3,3,3,3,3,3
回答者23,1,37,4,1,2,2,1,1,1,1,3,2,2,2,3,2,2,2,3,3,1,2,3,2,4,3,4,4,4,4,1,5,5,4,5,5,5,3
回答者24,2,38,4,1,1,1,7,1,7,1,5,5,4,1,5,5,2,1,5,1,1,5,1,5,7,5,5,5,5,5,1,5,5,5,5,5,5,5
回答者25,2,37,4,1,1,3,1,1,1,1,3,3,3,4,3,5,4,4,3,2,4,4,4,5,6,4,4,3,4,5,3,3,4,4,4,4,5,4
回答者26,1,41,5,1,2,1,6,1,6,1,3,3,3,3,3,3,3,1,5,1,1,3,4,5,3,2,2,5,4,4,1,5,5,5,3,3,5,5
回答者27,2,40,5,1,2,1,7,1,7,1,3,3,3,2,3,3,4,4,5,4,4,3,4,5,3,3,3,4,4,3,3,3,3,3,3,3,2,3
回答者28,1,43,5,1,2,5,1,1,1,1,3,2,2,2,2,2,2,3,3,1,6,2,5,3,3,2,2,2,2,2,2,2,2,2,2,2,2,2
回答者29,2,42,5,1,1,1,6,1,6,1,5,5,2,2,5,5,3,3,4,2,4,5,3,2,7,4,5,2,4,5,1,5,5,5,5,5,5,2
回答者30,1,42,5,1,3,2,7,1,7,1,1,1,1,1,1,1,4,4,2,2,8,2,5,5,7,4,3,3,3,2,3,2,2,3,4,2,3,3
回答者31,1,47,6,1,3,1,1,1,1,1,2,3,3,4,3,3,3,4,3,3,4,3,4,3,4,3,3,3,3,3,3,3,3,3,3,3,3,3
回答者32,1,47,6,1,1,5,1,1,1,1,1,5,1,1,1,1,1,1,5,5,1,1,3,1,1,5,1,5,5,5,1,5,5,5,5,5,5,5
回答者33,2,49,6,1,5,1,2,1,2,1,2,4,4,5,4,4,4,3,4,4,4,2,3,5,6,2,2,2,3,2,4,2,4,4,3,2,3,4
回答者34,2,47,6,1,5,5,4,1,4,1,2,2,3,3,2,2,2,4,3,4,7,3,5,5,7,3,3,4,2,3,3,3,3,3,3,3,3,3
回答者35,1,49,6,1,1,1,1,1,1,1,1,2,2,1,1,2,2,1,1,1,1,2,1,1,2,1,1,1,1,1,1,1,1,1,1,1,1,1
回答者36,2,45,6,1,2,5,3,1,3,1,4,5,5,2,3,5,4,4,4,5,8,4,5,2,5,2,2,3,1,3,3,1,4,2,3,2,4,3
回答者37,1,49,6,1,1,2,5,1,5,1,1,1,1,1,1,1,1,1,1,1,1,1,1,2,1,1,1,1,1,1,1,1,1,1,1,1,1,1
回答者38,1,53,7,1,4,3,5,1,5,1,3,4,3,2,4,3,3,2,3,3,4,3,4,4,3,2,4,3,3,4,2,3,3,2,4,3,3,3
回答者39,2,51,7,1,4,1,1,1,1,1,5,5,5,5,5,5,4,3,2,3,2,1,4,5,7,5,5,5,5,5,5,5,5,5,5,5,5,5
回答者40,2,54,7,1,2,4,1,1,1,1,3,3,3,4,3,3,3,4,4,3,8,3,4,5,6,2,2,3,3,3,2,3,4,3,3,3,3,3
回答者41,1,54,7,1,5,4,7,1,7,1,2,2,2,2,2,2,1,1,1,1,1,3,4,1,1,1,1,1,1,1,1,1,1,1,1,1,1,1
回答者42,1,55,8,1,1,3,1,1,1,1,2,2,5,3,3,3,4,4,3,1,4,3,5,5,3,2,2,2,2,2,2,2,2,2,2,3,3,3
回答者43,2,55,8,1,1,3,4,1,4,1,4,4,4,4,4,4,4,4,3,3,4,4,4,4,5,4,5,4,4,4,4,4,4,5,4,5,4,4
回答者44,1,57,8,1,1,1,6,1,6,1,3,4,4,2,2,2,4,3,4,4,5,3,5,2,2,3,3,4,2,3,2,3,2,3,3,3,2,2
回答者45,2,55,8,1,4,1,1,1,1,1,3,3,3,3,3,3,3,4,3,5,4,2,5,4,6,3,3,3,3,3,3,3,3,3,3,4,4,3
回答者46,2,56,8,1,2,2,3,1,3,1,1,3,5,5,5,5,5,4,4,3,8,2,5,5,7,1,1,1,5,5,5,1,5,2,1,1,5,2
回答者47,2,63,9,1,1,1,7,1,7,1,1,3,3,3,2,3,1,1,3,1,4,3,5,4,2,2,2,2,3,2,2,3,3,2,2,2,3,3
回答者48,1,64,9,1,5,5,1,1,1,1,2,2,2,3,3,2,3,4,2,2,4,5,5,5,3,2,3,2,2,3,2,2,3,2,3,2,4,3
回答者49,1,60,9,1,1,1,1,1,1,1,2,2,3,3,2,2,4,4,4,1,6,3,4,5,4,1,3,2,2,2,3,3,2,3,3,3,3,3
回答者50,2,64,9,1,1,1,1,1,1,1,3,3,4,2,3,4,3,3,3,3,4,3,4,5,7,3,4,3,3,3,3,3,3,3,3,3,3,3
回答者51,2,63,9,1,1,1,1,1,1,1,5,5,5,5,5,5,4,4,5,3,4,5,5,5,5,3,3,3,3,3,3,3,3,3,3,3,3,3
回答者52,2,63,9,1,1,1,3,1,3,1,2,2,2,2,3,2,4,1,2,1,1,2,2,5,2,4,2,2,4,4,2,2,2,2,2,3,4,4
回答者53,1,62,9,1,5,5,1,1,1,1,5,5,4,5,3,3,3,4,5,3,1,3,4,3,3,3,3,2,3,2,3,2,2,2,4,3,3,2
回答者54,1,23,1,1,1,5,12,2,13,3,2,1,5,5,2,2,2,1,2,1,4,1,5,5,1,2,3,1,1,2,2,2,2,3,2,1,2,2
回答者55,2,24,1,1,1,2,12,2,12,2,5,5,5,5,5,5,3,1,2,2,4,3,2,4,7,4,2,2,4,4,3,4,3,3,3,5,5,4
回答者56,1,24,1,1,1,5,14,2,14,2,1,2,2,1,2,2,1,1,1,1,1,1,1,1,1,1,2,2,2,1,1,2,3,2,2,1,2,1
回答者57,1,24,1,1,3,3,14,2,14,2,4,5,1,3,2,1,2,1,2,2,6,2,1,2,1,2,3,4,3,1,2,4,5,3,2,1,4,3
回答者58,1,21,1,1,1,2,14,2,14,2,2,2,3,2,3,3,2,3,3,4,8,2,3,3,3,2,2,3,2,3,2,2,2,2,2,2,3,3
回答者59,1,24,1,1,1,5,14,2,14,2,1,2,1,2,1,2,1,1,1,1,1,1,1,1,1,1,2,2,1,2,1,1,2,1,2,2,1,1
回答者60,2,21,1,1,3,3,11,2,11,2,1,1,2,2,2,1,1,1,2,1,2,4,2,2,2,2,2,1,2,2,1,2,2,2,2,2,2,2
回答者61,1,22,1,1,1,2,11,2,11,2,1,1,1,1,1,2,1,1,1,4,1,1,2,1,1,1,1,1,1,1,2,1,1,2,1,1,1,2
回答者62,2,21,1,1,4,3,11,2,13,3,3,3,3,2,3,2,3,3,3,3,8,2,2,3,4,4,4,3,2,3,4,3,1,2,4,3,2,3
回答者63,1,24,1,1,5,2,9,2,9,2,2,3,5,4,3,4,3,3,3,2,4,2,3,5,6,2,2,3,3,2,3,4,3,3,3,3,4,3
回答者64,2,24,1,1,4,5,11,2,11,2,2,2,3,3,3,3,2,3,2,2,3,2,2,3,3,2,2,2,2,3,2,2,2,2,2,2,2,2
回答者65,2,24,1,1,4,2,9,2,9,2,5,5,5,5,5,5,4,3,3,3,4,2,2,5,4,5,5,5,5,5,5,5,5,5,5,5,5,5
回答者66,2,23,1,1,1,2,12,2,12,2,3,2,3,3,5,4,2,4,3,3,4,2,1,3,3,4,3,4,1,3,3,4,2,2,3,3,5,3
回答者67,1,23,1,1,1,3,12,2,12,2,3,3,2,3,3,2,3,1,4,2,1,3,2,4,7,3,3,2,3,3,3,2,3,3,2,2,2,2
回答者68,2,20,1,1,1,1,14,2,14,2,4,2,2,3,2,4,2,3,2,4,4,1,3,1,1,2,2,5,3,3,2,4,2,2,5,4,5,5
回答者69,1,24,1,1,4,5,11,2,11,2,3,4,3,3,3,3,5,4,2,3,6,3,5,4,4,3,3,3,3,3,3,3,3,3,3,3,2,3
回答者70,2,22,1,1,1,2,14,2,14,2,3,3,3,3,2,4,2,2,2,2,3,2,3,2,2,3,2,3,3,2,3,3,3,2,3,3,3,2
回答者71,1,23,1,1,1,1,11,2,11,2,4,4,4,4,4,3,3,3,4,3,1,3,1,4,5,4,4,3,3,4,3,3,3,3,3,3,3,3
回答者72,1,26,2,1,1,5,12,2,12,2,2,2,3,3,3,3,2,1,2,3,1,3,5,4,3,3,3,3,3,2,3,2,3,3,2,3,2,3
回答者73,2,25,2,1,1,2,11,2,13,3,3,3,3,4,4,4,4,3,4,4,1,4,3,5,4,3,3,3,2,3,3,3,3,3,3,4,4,3
回答者74,1,27,2,1,1,3,12,2,12,2,1,3,1,2,1,1,2,2,1,2,5,1,2,3,1,2,1,1,2,3,2,1,2,2,3,1,1,2
回答者75,1,27,2,1,5,3,12,2,13,3,3,3,2,3,3,3,3,3,3,3,3,3,3,3,3,2,3,3,3,2,3,3,2,2,3,2,3,2
回答者76,2,26,2,1,1,5,14,2,14,2,4,4,3,4,4,3,4,4,4,4,8,3,3,2,6,4,3,4,4,2,3,4,2,2,3,3,3,4
回答者77,2,27,2,1,1,4,11,2,13,3,2,3,4,4,3,3,4,4,2,2,4,3,5,4,3,2,2,2,2,2,2,2,3,3,3,2,2,2
回答者78,2,26,2,1,5,4,11,2,11,2,3,3,3,3,3,3,3,4,5,3,8,3,4,4,4,3,3,3,3,3,3,3,3,3,3,4,4,4
回答者79,2,26,2,1,5,4,14,2,14,2,3,3,4,4,4,4,3,4,4,3,4,1,3,5,3,3,3,3,3,3,3,3,3,3,3,3,3,3
回答者80,2,28,2,1,3,3,14,2,14,2,3,3,3,3,3,3,5,4,5,5,8,4,5,5,5,3,3,3,3,3,2,4,4,4,5,4,5,5
回答者81,1,29,2,1,3,4,11,2,11,2,2,3,2,2,3,3,4,3,3,2,1,2,5,2,7,2,2,2,2,2,2,2,3,2,2,2,3,3
回答者82,2,29,2,1,1,2,14,2,14,2,2,3,5,5,5,5,5,1,2,1,4,2,4,5,6,4,3,1,2,2,3,1,1,1,2,2,3,1
回答者83,1,28,2,1,1,1,14,2,14,2,1,4,2,3,4,2,2,2,1,2,5,2,2,2,2,3,3,2,3,4,2,3,4,2,3,3,2,3
回答者84,2,25,2,1,1,5,14,2,14,2,1,2,4,2,1,1,2,1,1,4,1,2,5,5,2,2,1,2,2,1,2,2,1,1,1,1,2,2
回答者85,1,31,3,1,1,3,12,2,13,3,2,1,2,1,1,3,1,1,1,1,4,1,1,1,1,1,1,1,1,1,1,1,1,1,1,1,1,2
回答者86,1,30,3,1,4,4,12,2,12,2,3,2,1,3,4,2,1,3,1,4,2,3,2,3,3,1,2,3,2,1,2,2,3,2,1,2,2,2
回答者87,1,31,3,1,4,3,12,2,12,2,2,2,2,3,2,4,2,3,2,4,4,1,2,4,6,2,4,2,2,2,2,1,2,2,1,2,2,1
回答者88,1,34,3,1,4,5,11,2,11,2,3,3,3,3,3,2,3,2,3,2,2,3,3,3,3,3,3,3,3,3,3,3,3,3,3,3,3,3
回答者89,2,30,3,1,1,2,11,2,11,2,2,3,2,4,4,5,2,2,2,3,3,2,2,3,2,2,4,3,4,2,3,4,3,4,3,3,3,4
回答者90,2,31,3,1,1,1,14,2,14,2,3,2,4,1,2,3,1,1,1,1,1,1,1,1,1,3,2,3,3,2,3,3,1,2,2,2,4,2
回答者91,2,30,3,1,1,5,12,2,12,2,4,2,3,1,2,1,2,2,3,2,5,1,2,2,3,2,5,2,4,3,1,1,2,1,1,3,5,2
回答者92,1,30,3,1,1,2,11,2,13,3,1,4,5,5,1,1,4,3,1,1,4,3,5,5,2,1,1,2,1,3,3,1,3,1,1,5,5,3
回答者93,1,34,3,1,3,5,14,2,14,2,3,2,3,2,3,3,3,4,3,4,4,3,3,3,3,2,2,2,2,3,2,3,3,3,3,3,2,3
回答者94,1,30,3,1,1,5,11,2,13,3,2,1,2,2,2,3,2,2,5,1,1,4,5,5,2,3,1,3,3,2,3,3,3,2,3,3,2,3
回答者95,1,33,3,1,1,5,11,2,11,2,3,2,4,3,3,3,2,2,5,1,1,4,5,4,2,3,1,1,2,3,3,2,2,1,3,1,2,2
回答者96,1,33,3,1,1,4,11,2,13,3,2,3,4,2,3,3,3,1,3,4,2,3,4,5,5,4,3,2,3,2,2,3,2,1,3,2,3,4
回答者97,2,33,3,1,4,5,12,2,12,2,4,4,4,4,4,4,4,4,4,2,5,4,5,5,7,4,4,4,4,4,4,4,3,4,3,4,4,4
回答者98,2,30,3,1,1,1,12,2,13,3,4,4,4,4,5,5,3,4,4,3,6,4,4,4,4,3,2,4,4,3,3,4,3,4,3,3,3,3
回答者99,1,36,4,1,1,1,11,2,11,2,1,3,3,2,2,3,3,1,4,2,2,2,4,4,2,1,3,2,3,2,4,2,2,2,3,2,3,4
回答者100,2,37,4,1,1,3,12,2,12,2,3,3,3,3,3,3,3,4,5,3,6,3,5,3,4,2,3,3,3,2,2,2,2,2,2,2,2,2
回答者101,1,36,4,1,1,4,14,2,13,3,3,2,4,3,2,3,2,3,1,4,4,3,5,3,3,3,3,2,2,3,2,2,3,3,2,3,2,3
回答者102,1,37,4,1,3,2,11,2,11,2,2,4,4,3,3,4,4,3,4,2,8,2,4,5,3,2,3,3,3,3,3,3,3,3,3,3,4,3
回答者103,1,36,4,1,1,3,12,2,13,3,3,2,2,1,2,2,2,1,2,2,1,1,2,3,2,3,4,3,2,3,3,4,4,3,3,3,4,4
回答者104,2,37,4,1,1,2,11,2,11,2,4,4,5,2,4,5,5,4,3,5,5,4,5,5,6,2,4,2,3,4,3,2,3,3,3,2,3,4
回答者105,1,39,4,1,2,2,11,2,11,2,2,3,2,2,3,2,4,1,5,2,8,3,5,3,6,3,3,3,3,4,3,3,3,3,2,3,2,3
回答者106,2,35,4,1,2,1,12,2,12,2,2,2,3,1,3,3,2,3,3,1,1,3,2,2,4,2,3,5,3,3,1,5,5,3,5,5,5,4
回答者107,1,38,4,1,1,2,12,2,13,3,1,2,3,5,1,4,2,1,3,2,1,5,5,5,2,3,2,4,2,1,2,3,3,4,3,2,3,5
回答者108,1,38,4,1,1,3,12,2,13,3,2,2,3,3,3,3,4,4,3,3,4,3,3,4,6,2,2,2,2,2,2,2,2,2,2,2,2,3
回答者109,1,35,4,1,1,3,14,2,14,2,5,5,5,5,5,5,3,4,5,3,8,5,5,5,6,5,5,3,2,5,5,2,2,2,2,1,5,5
回答者110,2,36,4,1,1,2,11,2,11,2,2,3,2,1,1,2,2,2,2,2,3,2,3,3,2,1,1,2,2,2,2,1,1,1,2,2,2,2
回答者111,2,35,4,1,5,3,12,2,12,2,2,2,3,2,2,2,2,1,2,2,1,3,3,4,6,3,3,2,2,3,3,3,2,2,2,2,3,2
回答者112,1,36,4,1,3,4,9,2,9,2,1,2,3,3,2,3,2,2,2,3,5,4,5,3,3,1,2,3,2,3,2,2,2,3,2,3,4,2
回答者113,2,35,4,1,4,2,8,2,8,2,2,5,5,2,2,4,3,3,5,2,4,2,3,4,7,4,5,3,5,5,2,3,5,2,1,5,5,4
回答者114,2,41,5,1,3,1,10,2,10,2,2,3,2,2,2,2,3,3,3,2,4,4,4,2,4,2,2,2,2,2,2,2,2,2,2,2,2,2
回答者115,2,43,5,1,4,2,11,2,11,2,2,2,3,3,1,5,3,4,3,2,4,3,5,5,3,3,2,2,4,3,1,3,3,2,4,3,5,3
回答者116,1,44,5,1,4,4,8,2,8,2,5,5,5,5,5,5,5,4,5,3,4,3,4,5,6,5,4,3,3,4,5,5,3,5,4,3,5,3
回答者117,2,41,5,1,1,2,10,2,10,2,3,4,3,4,3,3,5,4,5,5,8,2,5,2,6,4,5,3,4,3,4,3,4,4,5,3,5,3
回答者118,1,42,5,1,1,4,10,2,10,2,1,2,1,1,3,3,1,2,2,2,6,3,1,3,1,1,2,2,3,2,2,2,2,1,2,2,3,3
回答者119,1,43,5,1,1,4,14,2,14,2,2,2,2,1,1,1,3,3,2,4,2,3,4,4,2,2,2,2,2,3,2,3,2,2,2,2,2,2
回答者120,1,43,5,1,1,2,8,2,8,2,3,2,1,2,3,2,2,2,2,3,3,2,3,2,2,3,2,2,2,1,2,2,4,2,2,1,3,2
回答者121,1,42,5,1,1,1,14,2,14,2,5,5,5,4,5,5,5,4,5,5,6,1,1,2,5,5,5,5,5,5,5,5,5,5,5,5,5,5
回答者122,1,43,5,1,1,3,11,2,11,2,2,2,3,3,1,3,3,2,2,3,3,2,1,2,2,3,2,3,2,3,3,4,3,3,3,2,1,4
回答者123,1,41,5,1,5,5,8,2,8,2,4,2,3,3,3,2,2,3,2,2,1,4,5,3,2,2,2,2,2,3,3,2,2,2,2,2,3,3
回答者124,1,42,5,1,1,2,12,2,13,3,4,2,3,3,3,2,3,4,3,2,1,3,4,3,5,3,2,3,2,3,2,2,2,3,3,2,3,2
回答者125,2,47,6,1,1,2,11,2,13,3,3,2,2,2,4,4,4,4,5,3,8,3,5,5,4,2,2,3,3,3,2,4,3,3,3,2,3,3
回答者126,2,45,6,1,1,4,14,2,14,2,2,2,5,2,2,2,2,2,2,2,2,2,2,2,2,2,2,2,2,2,2,2,2,2,2,2,2,2
回答者127,2,47,6,1,1,4,14,2,13,3,2,2,3,3,3,3,3,3,3,2,4,3,4,4,2,2,2,2,2,2,2,2,2,2,2,2,2,2
回答者128,2,48,6,1,5,2,11,2,11,2,1,5,5,1,1,1,2,3,2,2,2,3,5,5,3,2,3,3,3,3,3,3,3,3,3,3,3,3
回答者129,1,45,6,1,1,5,11,2,11,2,5,5,5,5,5,5,5,4,5,5,8,5,5,5,7,5,5,5,5,5,5,5,5,5,5,5,5,5
回答者130,1,46,6,1,1,4,14,2,13,3,3,3,4,4,3,3,3,1,2,2,8,4,5,5,3,2,3,3,3,4,3,3,3,2,3,3,4,3
回答者131,1,47,6,1,1,2,14,2,14,2,3,2,3,3,3,3,2,3,3,4,5,3,4,4,5,3,3,3,3,3,2,3,4,3,3,3,3,3
回答者132,2,46,6,1,1,4,11,2,13,3,2,2,2,2,2,2,2,3,3,4,4,3,5,2,2,2,2,2,2,2,2,1,2,2,2,2,2,2
回答者133,1,46,6,1,3,2,8,2,8,2,3,4,4,4,3,3,3,3,4,2,1,4,4,5,7,3,3,3,4,3,4,4,4,4,4,4,5,4
回答者134,1,47,6,1,4,2,8,2,8,2,1,5,3,3,2,3,4,1,4,2,1,5,5,3,6,3,3,3,4,2,2,4,4,4,3,3,4,2
回答者135,1,49,6,1,1,2,14,2,14,2,2,2,3,2,2,2,3,3,2,1,4,3,4,4,3,4,3,2,2,2,3,2,2,2,3,3,3,2
回答者136,2,45,6,1,1,2,14,2,14,2,4,4,4,3,4,5,4,4,5,3,4,4,4,3,6,4,4,3,4,4,3,4,3,4,1,4,5,5
回答者137,2,47,6,1,1,3,14,2,14,2,2,2,1,2,2,5,2,3,2,5,3,2,4,3,2,2,2,2,3,3,2,2,2,2,1,2,2,2
回答者138,2,46,6,1,1,1,8,2,8,2,3,3,5,4,3,5,3,3,4,3,8,3,3,3,6,3,4,3,3,3,3,3,5,5,3,5,5,3
回答者139,1,50,7,1,3,2,14,2,14,2,2,2,3,2,3,2,3,4,3,3,1,4,5,5,3,2,3,2,3,2,2,2,3,3,3,2,2,3
回答者140,2,50,7,1,1,4,12,2,12,2,2,2,2,2,2,2,2,2,2,2,2,2,5,2,2,2,2,3,2,3,2,2,2,2,2,2,2,2
回答者141,1,54,7,1,1,4,14,2,14,2,2,5,5,3,5,5,1,1,5,1,1,2,2,1,6,3,2,3,4,3,3,2,3,2,3,3,4,3
回答者142,2,50,7,1,4,5,8,2,8,2,2,2,5,3,2,3,5,4,3,3,4,3,5,5,3,5,3,3,2,3,3,3,3,3,3,2,4,3
回答者143,1,53,7,1,4,2,11,2,11,2,2,2,5,2,5,5,4,3,4,4,4,1,3,2,4,3,5,5,3,5,1,5,5,5,2,5,5,5
回答者144,1,50,7,1,5,1,14,2,14,2,2,2,2,2,3,3,4,4,3,3,4,3,5,3,3,3,2,3,3,3,3,3,3,3,3,3,3,3
回答者145,1,54,7,1,2,1,14,2,14,2,2,2,5,3,2,2,5,4,5,2,4,3,5,4,6,1,1,3,4,2,1,4,5,3,3,2,3,3
回答者146,1,51,7,1,1,3,14,2,13,3,3,3,4,4,3,4,4,4,3,3,8,3,5,5,3,3,4,3,3,3,3,3,4,4,4,4,4,4
回答者147,2,53,7,1,1,2,12,2,13,3,4,5,5,5,5,5,5,1,5,3,8,3,4,4,7,5,5,5,5,5,5,5,5,5,5,5,5,5
回答者148,2,51,7,1,1,5,8,2,13,3,2,2,2,2,3,2,2,1,3,2,2,2,4,4,2,2,2,2,1,2,2,2,2,2,1,2,2,2
回答者149,2,53,7,1,5,1,9,2,9,2,2,2,5,4,2,3,3,4,3,2,4,3,5,5,2,2,2,2,2,2,3,2,2,3,2,1,3,3
回答者150,2,54,7,1,1,2,14,2,14,2,2,3,5,4,4,5,4,4,5,2,4,1,5,5,4,4,1,1,3,3,3,1,3,3,1,2,4,2
回答者151,2,56,8,1,1,4,10,2,10,2,3,3,2,2,2,2,2,3,4,2,2,2,4,2,4,3,3,4,4,4,4,4,4,4,3,3,3,3
回答者152,2,58,8,1,1,4,11,2,11,2,3,2,1,2,1,2,1,1,1,2,4,4,5,5,7,2,1,3,1,1,2,3,2,3,2,1,2,1
回答者153,1,55,8,1,1,5,14,2,14,2,1,3,1,2,2,4,2,1,4,5,4,4,4,1,2,1,2,4,2,5,1,3,2,2,5,4,5,1
回答者154,2,55,8,1,4,4,11,2,11,2,5,5,5,5,5,5,5,4,5,5,4,4,5,5,3,5,5,5,5,5,5,5,5,5,5,5,5,5
回答者155,2,57,8,1,2,3,9,2,9,2,1,1,3,1,3,1,3,1,1,2,1,2,5,5,2,2,2,2,2,2,2,3,3,3,2,3,3,2
回答者156,2,59,8,1,1,1,14,2,14,2,5,5,5,5,5,5,4,4,5,3,4,3,5,5,5,3,3,3,3,5,5,5,5,5,5,5,5,5
回答者157,2,55,8,1,2,3,11,2,13,3,1,2,3,3,3,2,2,2,1,2,8,4,5,5,2,1,1,2,4,3,3,2,2,1,4,2,2,4
回答者158,1,58,8,1,1,3,11,2,13,3,2,2,3,4,4,4,4,4,2,1,4,4,4,2,2,3,3,3,2,3,4,3,2,2,3,3,3,3
回答者159,2,57,8,1,1,2,14,2,14,2,2,2,2,2,2,2,2,1,2,2,8,2,5,5,3,2,2,2,2,2,2,2,2,2,2,2,2,2
回答者160,2,59,8,1,1,4,11,2,11,2,4,4,4,4,4,4,5,4,4,4,2,4,5,5,2,2,2,2,2,2,2,2,2,2,4,2,4,2
回答者161,2,57,8,1,1,5,12,2,12,2,2,2,5,3,3,3,3,4,5,3,1,3,5,5,6,3,2,2,3,3,3,3,3,3,3,2,3,3
回答者162,2,58,8,1,1,4,12,2,12,2,3,3,3,3,3,3,5,4,5,1,4,5,5,5,7,5,3,5,2,4,1,4,2,5,1,2,3,4
回答者163,2,65,9,1,2,1,11,2,11,2,2,2,3,3,3,3,5,4,3,3,6,3,4,5,7,4,3,4,3,4,3,3,4,3,3,3,4,3
回答者164,1,62,9,1,3,4,11,2,13,3,2,2,3,2,3,3,3,3,3,2,1,2,4,3,2,3,2,3,2,2,3,3,2,3,2,2,3,4
回答者165,2,63,9,1,1,1,12,2,13,3,4,4,4,5,4,3,4,4,4,2,4,4,5,5,7,1,2,3,4,3,2,3,4,2,3,4,4,3
回答者166,2,61,9,1,1,3,12,2,12,2,3,5,5,5,5,5,4,4,5,2,8,3,5,5,7,5,3,5,4,3,3,4,4,4,4,3,5,4
回答者167,1,62,9,1,1,2,11,2,13,3,4,2,3,1,4,3,3,2,3,2,4,3,2,3,4,4,2,3,5,3,1,2,3,2,1,3,2,3
回答者168,1,61,9,1,1,3,12,2,12,2,2,2,2,2,2,2,3,1,2,3,5,2,2,2,2,3,2,2,2,2,2,2,2,2,2,2,2,2
回答者169,1,62,9,1,1,5,14,2,14,2,1,1,2,2,1,2,2,2,2,2,2,2,3,3,2,1,1,2,1,2,3,2,2,2,2,2,1,1
回答者170,1,62,9,1,3,1,8,2,8,2,3,3,3,3,3,3,4,4,4,5,4,3,1,3,4,1,2,3,4,5,4,3,2,1,2,3,4,5
回答者171,1,60,9,1,1,3,12,2,12,2,2,2,2,3,2,5,3,4,2,4,4,2,4,5,2,2,2,2,2,3,2,2,2,3,2,2,2,2
回答者172,2,63,9,1,2,2,10,2,10,2,2,3,3,2,2,2,3,3,4,2,1,2,5,4,4,2,2,3,3,3,3,3,3,3,3,2,3,2
回答者173,2,24,1,1,1,2,13,3,13,3,3,2,2,1,1,3,3,3,3,2,1,2,3,3,3,2,3,3,3,3,3,3,3,3,3,3,5,3
回答者174,2,24,1,1,1,2,13,3,13,3,2,4,4,1,2,3,4,1,2,2,4,2,3,5,6,3,3,3,4,3,3,2,2,2,1,2,4,3
回答者175,2,23,1,1,1,4,13,3,13,3,2,3,5,5,3,5,3,1,2,2,8,2,5,5,2,4,2,2,3,3,3,3,2,2,2,2,3,2
回答者176,1,24,1,1,1,5,13,3,13,3,2,3,3,3,3,3,3,4,2,3,4,3,5,5,6,2,2,2,2,2,2,2,1,2,2,1,2,2
回答者177,1,24,1,1,1,5,13,3,13,3,5,5,4,4,4,4,5,3,5,5,6,5,4,4,4,5,4,3,3,3,3,3,3,3,3,3,3,3
回答者178,2,24,1,1,1,1,13,3,13,3,3,3,3,3,3,3,3,3,4,3,5,3,3,3,2,3,3,2,4,4,3,3,3,2,2,3,3,3
回答者179,2,24,1,1,2,1,13,3,13,3,3,3,3,3,3,3,3,3,3,3,8,3,4,5,3,3,3,3,3,3,3,3,3,2,3,3,3,3
回答者180,2,24,1,1,1,4,13,3,13,3,4,4,5,4,4,4,4,2,5,2,8,4,1,5,6,4,5,4,4,4,3,3,4,5,4,5,5,5
回答者181,1,22,1,1,1,4,13,3,13,3,3,3,3,4,4,3,3,3,3,3,1,3,4,5,5,4,4,4,4,5,4,5,4,4,4,3,4,3
回答者182,1,29,2,1,1,5,13,3,13,3,3,4,3,3,3,3,4,2,2,5,5,4,1,3,5,2,3,2,3,3,3,3,3,3,3,4,2,3
回答者183,2,29,2,1,1,4,13,3,13,3,2,2,3,2,3,3,3,3,2,2,1,3,5,4,3,2,3,3,3,3,3,3,2,3,1,2,2,3
回答者184,1,26,2,1,1,2,13,3,13,3,4,2,1,1,2,1,1,2,2,1,1,1,2,4,3,2,3,2,2,3,2,3,2,2,3,2,1,2
回答者185,1,29,2,1,4,1,13,3,14,2,3,2,5,5,5,5,2,4,3,1,8,3,5,5,7,3,3,3,3,4,3,3,3,3,3,3,3,5
回答者186,2,28,2,1,1,2,13,3,13,3,4,4,4,2,2,2,4,3,5,2,4,4,4,2,6,4,3,2,5,4,2,3,4,4,3,3,4,3
回答者187,2,29,2,1,2,1,13,3,13,3,5,5,5,3,5,3,4,1,4,2,8,2,4,5,3,3,2,3,3,3,3,3,2,3,3,3,3,3
回答者188,2,29,2,1,1,1,13,3,13,3,2,4,5,4,3,1,3,4,4,2,4,2,5,5,2,2,2,2,2,3,2,2,1,2,2,2,3,2
回答者189,2,27,2,1,1,2,13,3,13,3,2,2,3,2,2,2,2,1,2,2,1,2,2,2,3,3,3,2,2,3,2,3,2,2,2,2,2,2
回答者190,1,32,3,1,1,5,13,3,13,3,2,1,2,2,2,2,2,2,2,2,1,2,3,2,2,2,1,3,3,3,2,3,2,2,1,3,2,3
回答者191,1,32,3,1,1,4,13,3,13,3,3,3,3,3,3,3,4,4,4,2,4,3,3,3,6,3,3,3,3,4,3,3,3,3,3,4,3,3
回答者192,1,32,3,1,3,5,13,3,13,3,2,2,4,3,3,3,2,1,1,2,4,3,5,4,2,2,2,2,2,2,2,2,2,2,3,2,3,3
回答者193,1,33,3,1,1,3,13,3,13,3,1,2,1,2,1,2,1,1,4,1,1,1,1,1,2,1,2,4,1,5,1,1,1,3,1,1,2,1
回答者194,1,33,3,1,1,5,13,3,13,3,3,3,3,3,3,3,2,2,5,2,3,1,2,5,7,4,5,5,3,3,3,5,3,3,3,5,5,5
回答者195,1,33,3,1,1,1,13,3,13,3,4,4,3,3,3,3,4,3,3,4,4,2,4,3,6,2,3,4,3,3,3,3,3,3,4,4,4,4
回答者196,1,34,3,1,1,4,13,3,12,2,3,3,4,4,4,5,3,1,4,2,4,4,5,5,7,2,3,5,5,5,5,5,4,5,4,5,5,5
回答者197,1,34,3,1,1,5,13,3,13,3,2,3,3,1,2,3,1,3,2,2,4,2,3,3,2,3,2,2,3,3,3,2,2,2,3,2,3,2
回答者198,1,38,4,1,1,4,13,3,13,3,3,3,4,3,3,3,3,3,3,3,8,3,5,5,3,3,4,3,3,4,3,2,3,3,2,2,3,3
回答者199,2,36,4,1,2,5,13,3,13,3,2,2,2,2,2,2,2,2,2,2,1,1,2,2,2,2,2,2,2,2,2,2,2,2,2,1,2,2
回答者200,2,38,4,1,1,1,13,3,13,3,1,2,3,3,3,2,1,2,2,3,3,4,3,1,1,3,2,2,3,3,2,3,4,3,3,3,3,3
回答者201,1,38,4,1,5,3,13,3,13,3,2,2,2,3,3,2,3,4,3,3,4,4,4,3,6,3,3,3,4,4,4,3,4,4,4,4,4,3
回答者202,2,37,4,1,1,4,13,3,13,3,2,3,3,2,4,4,3,1,4,3,8,2,3,1,3,2,2,2,2,2,4,4,4,4,2,4,4,3
回答者203,2,38,4,1,1,1,13,3,13,3,3,4,3,4,2,4,2,1,4,2,4,3,2,4,7,3,2,3,4,4,2,3,3,3,2,3,5,3
回答者204,1,35,4,1,1,5,13,3,13,3,2,1,1,1,1,1,2,1,2,1,8,2,1,2,2,3,4,4,3,3,3,3,3,3,3,4,3,3
回答者205,2,35,4,1,1,2,13,3,13,3,2,3,3,2,3,3,2,1,2,3,4,2,3,3,3,3,3,3,2,3,3,2,2,3,2,3,2,2
回答者206,1,37,4,1,1,4,13,3,13,3,2,3,3,2,3,2,3,3,3,4,1,5,5,5,4,3,2,3,3,4,3,3,3,3,3,3,3,3
回答者207,1,41,5,1,1,1,13,3,13,3,2,3,3,3,3,3,3,4,3,4,8,3,5,5,3,2,3,2,2,2,3,3,3,2,2,3,3,3
回答者208,1,40,5,1,1,1,13,3,13,3,2,2,3,3,3,3,3,2,3,3,4,3,3,4,4,3,3,3,3,3,3,3,3,3,2,3,3,3
回答者209,2,44,5,1,2,4,13,3,13,3,2,2,2,2,2,2,2,1,2,2,1,1,3,4,2,2,2,2,2,2,2,2,2,2,2,2,2,2
回答者210,2,42,5,1,1,3,13,3,13,3,2,4,3,3,3,4,3,1,4,4,4,2,2,5,3,3,3,2,2,3,4,3,3,4,4,4,4,4
回答者211,1,41,5,1,1,5,13,3,13,3,3,3,5,4,4,4,4,4,4,3,4,3,5,5,6,3,3,3,3,3,3,3,3,3,3,3,3,3
回答者212,1,41,5,1,1,3,13,3,14,2,3,3,3,2,3,3,3,4,3,3,4,2,5,5,3,3,2,3,3,3,3,3,3,3,3,2,2,2
回答者213,2,48,6,1,1,3,13,3,13,3,5,5,5,5,5,5,5,4,5,3,4,3,5,3,6,3,3,3,3,3,3,3,3,3,3,3,3,3
回答者214,2,45,6,1,1,4,13,3,13,3,2,4,4,3,4,3,4,4,4,4,8,3,5,3,6,3,3,4,3,3,3,3,3,3,3,3,3,3
回答者215,2,49,6,1,1,4,13,3,13,3,4,5,4,4,4,5,4,1,4,3,1,2,4,4,4,4,5,4,3,3,2,3,3,4,2,4,5,3
回答者216,1,46,6,1,1,3,13,3,13,3,2,2,2,2,2,2,1,1,1,1,1,1,1,1,1,2,2,4,3,3,2,2,3,3,3,2,3,3
回答者217,1,48,6,1,1,5,13,3,13,3,3,2,4,4,2,2,2,2,2,2,8,3,5,5,4,2,4,3,4,4,5,3,3,2,2,3,4,3
回答者218,1,45,6,1,1,5,13,3,13,3,3,2,4,4,2,2,4,4,4,5,8,5,4,4,3,3,2,2,4,3,2,2,2,4,4,3,2,3
回答者219,1,47,6,1,1,4,13,3,13,3,2,1,2,2,2,3,1,1,4,5,5,2,5,3,3,3,2,3,3,2,3,2,3,3,2,3,2,3
回答者220,2,48,6,1,1,2,13,3,13,3,4,4,4,4,4,4,4,4,4,4,4,3,4,4,4,2,2,2,2,2,2,2,2,2,2,2,2,2
回答者221,2,51,7,1,1,2,13,3,13,3,2,5,5,2,1,4,3,2,5,2,4,4,2,4,6,2,3,4,3,4,1,4,5,4,2,3,4,4
回答者222,2,54,7,1,1,1,13,3,13,3,4,5,4,4,3,3,5,4,4,1,4,5,5,5,3,2,2,2,4,3,3,2,4,3,2,2,4,2
回答者223,1,53,7,1,1,4,13,3,13,3,2,2,3,2,2,3,3,3,3,3,4,3,2,4,4,3,2,3,2,3,3,2,2,2,3,3,2,3
回答者224,2,51,7,1,3,1,13,3,13,3,5,5,5,5,5,5,5,4,5,3,4,3,5,5,7,3,2,4,3,3,3,3,3,3,3,4,4,4
回答者225,1,53,7,1,1,5,13,3,13,3,2,2,4,3,3,3,3,3,4,2,2,4,5,5,4,4,2,2,2,5,1,2,4,5,2,2,3,3
回答者226,1,52,7,1,1,2,13,3,13,3,3,3,4,4,4,3,3,4,4,2,4,3,3,4,4,3,4,4,4,4,3,3,4,5,4,5,4,4
回答者227,1,53,7,1,1,1,13,3,13,3,1,3,3,2,4,4,2,1,4,2,4,1,2,5,3,2,2,3,3,3,4,4,4,3,3,4,4,4
回答者228,1,52,7,1,1,5,13,3,13,3,3,3,1,1,3,3,4,3,3,2,4,2,2,3,2,2,4,3,2,2,3,2,2,2,2,2,3,2
回答者229,2,57,8,1,3,5,13,3,13,3,3,3,3,3,3,3,3,4,3,3,4,3,4,3,3,3,3,3,3,3,3,3,3,3,3,3,3,4
回答者230,2,58,8,1,1,1,13,3,13,3,2,2,3,4,4,3,5,4,3,3,4,3,5,5,3,2,2,2,2,2,3,2,2,2,2,2,4,2
回答者231,2,56,8,1,1,4,13,3,13,3,3,3,3,3,3,3,3,4,2,2,4,3,5,5,3,2,2,2,2,2,3,2,2,2,2,2,3,3
回答者232,2,57,8,1,2,2,13,3,13,3,3,3,3,2,2,4,3,1,2,2,4,2,3,4,4,3,4,3,4,3,2,3,4,2,2,3,3,5
回答者233,2,55,8,1,2,4,13,3,13,3,2,4,2,2,2,2,3,2,4,2,4,2,4,3,2,5,2,4,4,4,3,3,4,4,4,4,4,4
回答者234,2,58,8,1,1,4,13,3,13,3,4,5,5,2,5,2,4,2,2,4,4,4,5,2,2,2,2,3,3,2,4,4,4,2,2,2,3,4
回答者235,2,64,9,1,1,1,13,3,13,3,3,4,5,4,2,3,3,4,4,3,4,4,5,3,4,4,3,3,3,3,3,3,4,3,3,3,3,3
回答者236,1,23,1,1,1,1,16,4,16,4,3,3,3,3,3,3,3,3,3,2,4,3,4,3,3,3,2,3,2,2,2,3,2,2,3,2,3,2
回答者237,1,23,1,1,1,2,22,4,22,4,2,2,3,3,3,2,2,2,3,3,3,2,4,3,3,2,2,3,3,2,2,3,2,2,3,4,3,2
回答者238,1,24,1,1,1,3,23,4,23,4,4,3,2,2,3,4,2,4,3,3,6,3,1,2,3,4,2,3,2,3,2,3,3,3,4,3,2,3
回答者239,1,24,1,1,1,2,23,4,23,4,4,5,5,5,5,4,4,3,5,4,4,4,3,4,6,2,4,2,4,4,4,5,4,5,5,4,5,5
回答者240,2,22,1,1,1,5,15,4,15,4,1,1,1,1,1,1,1,1,1,1,1,1,1,1,1,1,1,1,1,1,1,1,1,1,1,1,1,1
回答者241,1,23,1,1,1,2,23,4,23,4,2,3,2,3,3,2,1,3,2,2,1,1,3,2,2,2,4,2,3,3,2,2,2,4,3,4,3,3
回答者242,1,22,1,1,4,3,23,4,23,4,3,3,3,3,3,3,3,4,5,5,8,5,5,5,7,5,5,5,5,5,5,5,5,5,5,5,5,5
回答者243,2,23,1,1,1,4,15,4,15,4,4,2,3,2,3,3,2,3,3,3,4,3,3,4,4,4,3,3,2,3,2,3,3,2,2,3,3,2
回答者244,2,23,1,1,2,2,22,4,22,4,1,2,2,2,4,4,1,1,2,1,8,1,1,3,3,2,2,3,2,3,2,2,2,2,3,3,4,3
回答者245,1,24,1,1,1,5,23,4,23,4,2,3,2,1,3,1,3,2,2,2,4,2,4,3,2,3,1,2,3,2,1,2,1,3,4,2,2,2
回答者246,1,23,1,1,4,3,23,4,23,4,3,2,4,3,2,2,4,2,4,3,3,5,4,4,4,2,2,4,4,3,2,2,2,4,4,3,4,4
回答者247,1,23,1,1,1,2,22,4,22,4,2,2,3,2,2,2,2,3,2,3,4,2,2,3,3,2,2,3,4,2,3,3,4,3,2,3,3,3
回答者248,2,24,1,1,1,2,23,4,23,4,3,3,3,3,3,4,4,4,4,3,4,4,4,4,5,3,3,3,3,3,3,3,4,3,2,4,3,3
回答者249,1,27,2,1,4,2,23,4,23,4,2,2,4,2,2,2,3,3,4,2,2,2,2,2,2,2,2,2,2,2,2,2,1,1,3,2,2,3
回答者250,1,26,2,1,4,2,16,4,16,4,3,3,3,4,3,5,5,4,5,3,1,4,5,5,7,3,3,3,3,3,3,3,3,3,3,3,3,3
回答者251,1,28,2,1,4,2,23,4,23,4,2,1,2,2,3,2,4,3,2,4,2,2,4,4,2,3,3,3,1,2,3,2,3,4,2,4,2,2
回答者252,1,29,2,1,1,5,23,4,23,4,3,2,3,3,3,3,2,3,4,3,5,3,4,4,3,3,3,3,4,3,4,3,3,3,2,2,3,3
回答者253,2,27,2,1,1,1,23,4,23,4,3,2,2,4,3,3,3,4,4,3,4,3,5,4,4,3,2,3,3,2,4,3,3,2,4,3,3,2
回答者254,2,29,2,1,1,1,23,4,23,4,3,3,4,4,3,3,3,3,4,2,1,2,3,4,6,4,4,3,3,3,3,4,4,4,4,5,5,3
回答者255,2,25,2,1,2,1,23,4,23,4,2,2,2,2,2,2,3,3,4,2,2,2,3,3,4,3,3,3,3,3,3,3,3,3,3,3,3,3
回答者256,2,28,2,1,1,2,24,4,24,4,3,5,5,5,3,5,5,4,5,4,4,2,3,4,7,5,5,5,5,3,2,4,4,4,2,5,5,3
回答者257,2,28,2,1,1,3,23,4,23,4,3,4,2,2,3,2,3,4,3,4,8,2,3,3,3,2,4,4,3,1,3,4,3,3,2,3,2,2
回答者258,1,32,3,1,2,5,22,4,22,4,3,3,3,3,3,3,3,4,3,3,4,2,5,3,3,3,4,3,3,2,3,4,3,4,3,4,3,3
回答者259,1,34,3,1,4,2,22,4,22,4,2,2,2,2,2,2,2,3,2,2,3,4,4,2,2,3,3,3,3,3,3,3,3,3,3,3,3,3
回答者260,2,32,3,1,1,2,23,4,23,4,2,5,1,1,2,2,2,3,2,3,8,1,2,2,3,2,2,4,2,3,2,3,1,2,1,2,3,1
回答者261,1,31,3,1,4,5,24,4,24,4,5,5,5,5,5,5,3,4,5,5,8,5,5,5,7,4,3,4,3,4,3,2,3,4,3,3,3,3
回答者262,2,32,3,1,5,5,23,4,23,4,2,2,2,3,3,2,3,1,3,1,4,2,4,4,6,2,2,2,2,2,2,2,2,3,3,2,4,3
回答者263,2,33,3,1,3,2,23,4,23,4,1,1,3,2,4,2,2,2,2,2,3,2,3,2,2,1,2,2,3,5,4,3,2,2,3,3,3,1
回答者264,1,33,3,1,1,5,23,4,23,4,4,4,4,3,4,4,3,2,4,4,1,2,3,4,3,3,3,3,4,4,4,4,3,3,3,3,4,4
回答者265,2,34,3,1,1,2,20,4,20,4,2,3,3,2,3,3,3,4,4,4,3,3,5,5,7,2,3,3,2,3,3,3,3,3,3,2,3,3
回答者266,1,32,3,1,4,2,23,4,23,4,3,3,3,3,4,3,3,4,3,3,2,3,4,3,3,3,3,3,3,4,3,3,3,3,3,3,3,3
回答者267,1,30,3,1,4,3,17,4,17,4,4,4,3,3,4,3,3,4,3,3,8,3,5,3,6,3,3,3,3,3,3,4,3,3,3,3,3,3
回答者268,1,36,4,1,1,1,24,4,24,4,2,2,2,2,2,2,2,1,2,2,2,2,5,5,7,2,2,2,2,2,2,2,2,2,3,2,2,2
回答者269,1,38,4,1,1,5,22,4,22,4,2,3,2,2,2,2,2,2,3,2,8,2,1,2,3,3,3,2,3,3,1,3,3,3,2,3,4,2
回答者270,2,35,4,1,1,4,19,4,19,4,1,2,3,2,2,1,3,2,2,2,2,2,2,2,2,2,3,3,2,2,1,2,3,3,2,1,1,2
回答者271,2,39,4,1,4,1,15,4,15,4,2,2,2,2,2,2,4,4,5,5,8,2,4,4,7,3,2,3,2,2,2,3,3,2,3,3,3,3
回答者272,1,38,4,1,1,2,21,4,21,4,1,2,2,1,1,1,2,2,4,2,4,2,3,1,6,4,4,5,3,2,3,5,3,3,2,5,5,4
回答者273,2,35,4,1,1,1,20,4,8,2,5,5,5,5,4,4,1,3,3,4,3,4,4,5,3,3,4,4,3,3,3,3,3,3,2,2,1,2
回答者274,1,39,4,1,1,5,23,4,23,4,1,1,1,1,1,1,1,1,1,3,1,1,1,1,1,1,1,1,1,1,1,1,1,1,1,1,1,1
回答者275,1,39,4,1,1,5,23,4,23,4,4,4,4,5,4,4,2,2,2,2,4,2,3,4,3,2,2,2,1,2,2,2,3,2,2,2,2,3
回答者276,2,36,4,1,1,2,23,4,23,4,2,2,3,2,2,2,2,1,2,2,4,3,5,5,2,2,2,2,2,2,2,2,2,2,2,2,3,2
回答者277,2,35,4,1,2,1,21,4,21,4,2,3,2,4,3,4,4,4,3,3,4,2,3,4,7,3,3,3,3,3,3,4,4,3,3,3,4,3
回答者278,2,35,4,1,1,3,23,4,23,4,2,2,2,2,2,2,2,2,2,2,2,2,3,2,3,2,2,2,2,3,3,3,3,2,2,2,2,3
回答者279,2,40,5,1,1,2,17,4,17,4,2,2,3,4,3,3,5,4,2,1,1,4,5,3,2,3,3,3,2,2,3,2,2,3,3,3,3,2
回答者280,2,40,5,1,1,1,23,4,23,4,4,3,3,3,3,3,2,2,2,2,4,3,3,3,3,3,3,3,2,2,3,3,3,3,3,3,3,3
回答者281,2,43,5,1,2,2,23,4,23,4,2,2,3,3,3,3,1,1,2,1,1,3,5,5,2,1,1,1,3,3,5,1,1,1,4,1,2,1
回答者282,1,41,5,1,1,3,23,4,23,4,2,2,3,3,3,3,3,3,4,2,3,3,4,3,4,2,3,4,3,2,3,4,4,4,4,4,4,4
回答者283,2,43,5,1,2,2,22,4,22,4,3,4,4,2,2,5,5,4,5,3,4,4,3,4,5,5,5,5,2,5,5,5,4,3,5,5,5,5
回答者284,1,44,5,1,4,1,22,4,22,4,2,2,5,3,2,2,2,4,2,1,1,3,5,5,6,3,2,2,3,2,3,3,2,2,3,1,3,3
回答者285,1,44,5,1,1,5,23,4,23,4,3,2,4,4,3,4,3,3,2,4,8,2,4,4,2,2,3,2,2,2,2,2,2,2,2,2,2,3
回答者286,2,41,5,1,1,5,17,4,17,4,4,4,3,4,4,4,3,4,4,3,4,5,5,5,4,4,4,4,3,3,3,3,4,3,3,4,4,3
回答者287,2,46,6,1,1,5,16,4,16,4,3,3,3,3,3,3,5,4,5,5,4,3,4,5,6,3,3,5,3,4,4,4,4,4,4,5,5,4
回答者288,2,47,6,1,1,4,22,4,22,4,1,2,1,2,1,2,4,1,3,2,3,4,5,2,2,1,1,2,2,2,1,2,2,2,1,2,2,2
回答者289,2,49,6,1,1,2,19,4,19,4,2,3,3,3,3,3,3,3,3,1,1,1,5,3,3,2,2,3,3,3,3,3,3,3,3,2,3,3
回答者290,2,47,6,1,2,2,23,4,23,4,2,2,2,2,2,2,2,3,2,4,8,2,4,2,2,3,3,3,3,3,3,2,4,3,3,4,3,3
回答者291,1,47,6,1,3,2,20,4,20,4,4,5,3,1,3,5,3,2,5,2,4,1,3,2,7,5,2,4,5,5,1,4,5,5,4,3,5,3
回答者292,2,47,6,1,1,3,23,4,23,4,2,3,4,3,3,3,5,3,5,3,4,2,5,3,6,2,2,2,2,2,3,3,2,2,2,2,2,5
回答者293,1,48,6,1,1,4,23,4,23,4,3,3,5,5,5,5,5,4,5,5,4,5,5,3,3,1,5,5,5,5,5,5,5,5,1,3,5,5
回答者294,1,45,6,1,1,4,23,4,23,4,5,4,3,4,4,5,1,1,1,2,2,2,2,2,1,5,4,2,1,3,4,3,2,1,4,3,3,4
回答者295,1,49,6,1,1,5,23,4,23,4,3,3,3,3,3,2,4,3,4,4,5,4,5,5,4,3,3,3,3,3,3,3,2,3,3,3,3,3
回答者296,1,49,6,1,1,2,16,4,16,4,3,2,3,3,2,3,2,2,2,2,3,1,2,1,2,1,2,3,1,2,2,3,3,2,2,3,4,3
回答者297,1,52,7,1,1,3,20,4,20,4,1,5,3,1,1,1,1,1,2,3,6,3,4,5,3,3,3,4,3,3,1,3,1,1,3,3,3,2
回答者298,2,51,7,1,1,5,18,4,18,4,1,3,4,4,2,5,5,1,4,3,4,4,1,2,3,2,5,3,4,5,3,2,2,4,4,5,5,5
回答者299,2,54,7,1,2,2,15,4,15,4,3,3,3,3,3,3,1,4,3,1,1,3,4,5,3,3,5,3,3,3,3,3,3,3,1,5,5,3
回答者300,1,50,7,1,3,4,21,4,21,4,3,2,3,2,3,3,3,3,3,2,4,3,4,3,2,2,2,3,1,3,2,3,3,2,3,4,2,1
回答者301,1,53,7,1,3,4,22,4,22,4,5,5,5,5,5,5,2,2,4,3,4,2,2,5,7,5,5,5,5,5,5,5,5,5,5,5,5,5
回答者302,2,52,7,1,1,1,23,4,23,4,5,5,5,5,5,5,5,4,5,5,8,5,1,5,5,5,5,5,5,5,1,5,5,5,5,5,5,5
回答者303,1,51,7,1,1,2,22,4,22,4,2,3,1,3,3,4,3,1,4,4,4,1,1,1,4,5,5,3,5,5,1,4,5,5,5,5,5,5
回答者304,2,52,7,1,1,1,22,4,22,4,3,4,5,4,4,4,4,4,4,3,2,2,5,5,7,5,5,5,5,5,5,5,5,5,5,5,5,5
回答者305,1,54,7,1,1,5,23,4,23,4,2,3,3,3,2,3,3,4,3,5,4,5,5,5,3,4,3,4,2,3,3,3,3,3,3,3,2,2
回答者306,2,57,8,1,1,2,15,4,15,4,4,3,3,3,3,3,4,3,3,3,4,3,4,5,7,2,3,3,3,3,3,3,3,3,3,3,3,3
回答者307,2,57,8,1,1,1,15,4,15,4,4,5,5,5,5,5,5,4,5,4,8,4,5,5,7,2,3,1,3,2,4,2,2,3,2,1,3,5
回答者308,1,58,8,1,4,4,17,4,17,4,4,4,4,3,4,3,5,4,4,3,4,3,5,5,6,3,2,3,3,3,4,3,3,3,3,4,3,2
回答者309,2,55,8,1,1,3,21,4,21,4,3,4,5,5,5,5,5,4,5,3,8,3,4,5,3,2,3,2,4,4,4,3,4,3,1,3,5,3
回答者310,1,57,8,1,2,2,23,4,21,4,2,4,4,2,2,5,2,3,2,2,2,1,5,5,4,1,2,3,2,2,3,3,2,2,3,2,3,2
回答者311,2,55,8,1,1,1,24,4,24,4,2,3,3,3,2,3,3,4,5,2,6,3,5,5,6,4,2,3,3,3,3,3,3,4,4,3,4,4
回答者312,2,57,8,1,1,1,22,4,22,4,2,2,2,3,2,2,2,2,2,3,4,2,1,2,2,2,3,3,2,3,3,3,3,3,3,3,4,2
回答者313,2,56,8,1,4,1,22,4,22,4,4,4,5,5,5,5,4,4,4,3,4,2,3,4,4,2,1,3,1,2,1,2,2,4,4,2,4,2
回答者314,1,63,9,1,1,2,15,4,15,4,2,3,3,4,2,3,4,4,3,4,8,2,5,3,1,2,2,3,3,4,2,3,3,4,1,4,4,2
回答者315,2,62,9,1,1,1,20,4,20,4,4,4,4,4,4,4,4,4,5,4,8,4,4,5,3,4,4,4,4,4,4,4,4,4,4,4,4,4
回答者316,1,60,9,1,1,3,23,4,23,4,3,3,3,3,3,3,3,4,4,3,4,3,4,4,5,2,3,3,3,3,3,3,3,3,3,3,3,3
回答者317,2,61,9,1,2,2,22,4,22,4,1,4,5,3,1,5,4,1,5,2,1,2,5,5,7,1,1,3,3,2,1,3,5,5,1,1,4,3
回答者318,1,61,9,1,1,5,23,4,22,4,3,3,3,3,3,4,5,4,5,5,8,4,4,4,5,3,3,3,3,3,3,3,3,3,3,3,3,4
回答者319,2,65,9,1,2,1,23,4,23,4,2,2,4,2,2,3,3,2,3,2,2,2,2,3,3,2,2,2,3,2,2,2,2,3,2,3,3,3
回答者320,2,60,9,1,1,4,23,4,23,4,2,2,2,2,3,2,3,2,1,2,1,1,5,2,2,2,2,3,2,2,2,3,3,2,2,2,2,2
回答者321,1,60,9,1,1,5,22,4,22,4,3,4,2,3,4,4,4,4,3,2,1,2,5,4,4,2,4,2,3,4,3,3,4,3,3,4,5,3
回答者322,2,61,9,1,2,2,15,4,15,4,1,2,3,4,2,5,5,4,3,1,2,3,5,5,7,2,2,2,3,2,3,2,2,2,2,2,3,2
回答者323,2,63,9,1,1,5,23,4,23,4,5,5,5,5,5,5,5,4,5,3,4,3,4,5,5,5,5,5,5,5,5,5,5,5,5,5,5,5
回答者324,1,24,1,1,3,3,27,5,27,5,3,3,2,2,2,3,3,2,3,4,4,1,5,5,5,3,3,2,3,2,2,3,3,2,3,3,2,3
回答者325,1,23,1,1,2,2,26,5,26,5,2,2,3,3,2,3,2,2,3,2,2,2,3,2,2,3,2,3,3,3,2,3,3,2,3,3,3,2
回答者326,1,23,1,1,4,2,27,5,27,5,3,2,4,3,3,3,5,4,5,2,8,3,5,3,6,2,2,1,3,2,3,3,3,2,3,2,3,3
回答者327,2,22,1,1,1,3,29,5,29,5,2,2,3,2,3,4,2,2,2,4,4,1,3,1,6,2,2,4,2,4,2,5,2,2,3,2,2,4
回答者328,2,24,1,1,1,4,27,5,27,5,2,3,2,2,1,1,1,1,1,2,2,1,3,1,1,1,1,2,3,1,1,2,2,1,1,3,2,3
回答者329,1,24,1,1,4,4,28,5,28,5,2,2,3,2,3,2,1,3,2,4,1,1,4,2,2,3,2,2,3,3,2,3,3,2,2,3,2,3
回答者330,2,24,1,1,1,5,27,5,27,5,2,2,3,2,2,3,3,3,2,2,8,2,3,4,3,2,4,4,2,3,3,3,3,2,4,4,3,3
回答者331,2,24,1,1,2,3,28,5,28,5,2,2,1,2,2,2,4,2,2,1,8,2,3,5,6,2,2,2,1,4,1,2,4,3,2,2,4,4
回答者332,1,23,1,1,1,3,26,5,26,5,2,1,2,2,2,2,1,1,1,2,2,2,1,1,1,2,1,1,1,2,2,2,1,1,1,1,2,2
回答者333,1,23,1,1,1,5,30,5,30,5,1,1,3,1,2,4,1,2,2,1,2,1,2,2,1,3,1,2,3,1,2,4,2,2,5,2,2,2
回答者334,2,24,1,1,2,5,27,5,27,5,3,3,4,4,3,3,2,1,2,2,2,2,5,5,2,3,3,3,3,4,3,2,2,2,2,2,2,2
回答者335,2,22,1,1,1,3,27,5,27,5,1,2,2,3,1,2,1,3,1,1,2,1,3,1,1,2,1,1,1,2,2,1,1,2,1,2,1,2
回答者336,2,24,1,1,1,2,27,5,27,5,4,4,4,2,2,3,2,1,4,4,8,3,3,4,3,3,3,5,4,3,1,3,3,3,4,3,3,3
回答者337,1,28,2,1,1,2,27,5,27,5,2,2,1,2,2,3,2,2,2,2,2,2,3,3,3,3,1,2,3,3,2,3,2,4,3,1,2,2
回答者338,1,25,2,1,1,5,28,5,28,5,3,2,4,2,4,3,3,3,2,2,3,3,3,2,2,5,2,2,3,4,4,2,2,4,4,4,2,3
回答者339,1,27,2,1,4,2,27,5,27,5,2,5,3,5,5,5,3,4,5,3,4,3,3,5,5,3,3,3,3,3,3,4,3,3,3,4,4,3
回答者340,2,26,2,1,1,2,28,5,28,5,4,4,4,4,4,4,4,3,5,3,4,4,4,4,4,4,2,3,4,5,5,2,4,4,4,3,5,4
回答者341,2,29,2,1,1,2,28,5,28,5,2,3,4,3,3,3,2,1,3,3,4,4,3,4,3,3,2,2,3,3,2,2,3,3,4,3,3,3
回答者342,2,25,2,1,2,4,27,5,27,5,2,2,1,2,2,2,3,1,2,2,1,3,4,3,2,3,2,2,5,2,2,3,2,2,2,2,2,2
回答者343,1,25,2,1,1,3,28,5,28,5,3,3,4,4,4,3,3,4,3,3,4,2,5,5,3,3,3,3,3,3,3,3,3,4,3,4,4,3
回答者344,1,26,2,1,5,1,28,5,28,5,4,5,3,3,3,3,2,3,2,5,8,1,1,3,3,5,5,5,5,5,4,5,5,5,5,5,3,3
回答者345,1,29,2,1,1,1,27,5,27,5,2,2,2,2,1,2,2,2,2,2,1,1,5,2,2,2,2,1,2,2,1,2,2,2,2,1,2,2
回答者346,1,34,3,1,1,3,28,5,28,5,3,2,2,3,1,2,2,2,2,2,3,2,3,2,3,2,1,3,1,2,2,3,2,2,1,2,3,2
回答者347,2,34,3,1,1,3,27,5,27,5,2,2,3,2,2,2,3,2,3,2,8,3,4,3,6,2,2,1,2,3,3,3,3,3,2,3,3,2
回答者348,1,34,3,1,1,3,28,5,27,5,3,2,4,3,2,3,2,1,4,1,1,4,5,5,4,4,3,3,3,4,3,3,4,3,3,3,3,3
回答者349,1,32,3,1,4,1,26,5,26,5,2,2,5,4,2,4,3,3,4,2,4,2,5,4,6,2,2,2,4,2,2,2,2,3,4,2,2,2
回答者350,2,31,3,1,1,3,27,5,27,5,2,2,5,4,4,3,5,4,3,1,8,2,5,5,4,2,2,2,2,2,3,2,3,3,2,3,3,3
回答者351,2,33,3,1,1,1,27,5,27,5,4,4,4,2,2,3,4,3,4,4,4,4,4,2,3,2,4,3,4,3,2,4,3,3,2,2,4,3
回答者352,2,32,3,1,1,3,27,5,27,5,4,3,4,4,4,4,5,4,5,4,8,2,3,5,7,3,4,3,3,3,3,4,4,4,4,4,4,4
回答者353,1,30,3,1,1,5,27,5,26,5,1,3,2,1,3,2,3,1,2,2,2,2,3,3,3,3,2,3,3,3,2,2,3,3,3,3,3,3
回答者354,2,32,3,1,1,1,27,5,27,5,2,2,2,1,2,3,4,1,2,3,8,2,5,3,3,2,2,2,2,2,2,2,2,2,2,2,3,2
回答者355,2,35,4,1,1,2,27,5,27,5,4,3,4,2,2,4,2,2,2,2,2,2,2,2,2,3,3,4,4,4,3,4,4,4,3,3,4,4
回答者356,1,39,4,1,1,3,27,5,27,5,1,1,1,1,2,2,2,1,2,4,1,1,2,1,2,1,1,2,1,1,1,2,1,1,2,2,2,1
回答者357,1,35,4,1,2,1,25,5,25,5,2,3,3,3,3,3,3,3,4,2,4,3,4,3,3,3,3,2,3,2,3,3,3,4,2,2,5,3
回答者358,1,37,4,1,4,2,25,5,25,5,5,5,5,5,5,5,4,4,3,3,4,3,5,5,7,2,2,3,3,3,3,3,3,3,3,3,3,3
回答者359,2,36,4,1,1,1,27,5,27,5,4,4,3,4,4,4,3,4,4,4,4,3,5,4,4,3,4,4,4,3,3,4,4,4,3,4,4,4
回答者360,2,36,4,1,1,4,27,5,27,5,4,4,4,5,4,4,3,1,5,5,6,1,1,1,7,5,5,5,5,5,5,5,5,5,5,5,5,5
回答者361,1,39,4,1,3,5,27,5,27,5,4,2,3,3,4,2,1,3,3,2,2,2,2,2,2,1,1,2,3,3,2,1,2,2,3,2,3,4
回答者362,1,36,4,1,1,3,27,5,27,5,3,2,3,2,2,3,2,2,3,3,2,2,2,2,2,2,3,2,3,3,2,2,4,2,4,2,2,2
回答者363,1,38,4,1,4,4,28,5,28,5,2,3,5,3,3,2,2,2,4,2,4,4,2,2,5,2,2,2,3,4,3,2,4,3,4,4,4,3
回答者364,2,38,4,1,1,2,27,5,27,5,4,5,5,5,5,5,5,4,4,4,4,2,5,5,7,4,4,4,5,4,4,4,4,4,4,4,4,5
回答者365,2,43,5,1,1,1,27,5,27,5,3,3,2,5,3,4,2,3,5,5,1,1,3,1,5,3,2,1,3,3,3,3,3,2,5,3,5,5
回答者366,2,43,5,1,2,3,26,5,26,5,2,2,3,1,1,1,2,2,1,1,1,1,3,2,6,3,3,2,2,4,3,3,3,3,2,3,2,3
回答者367,1,42,5,1,1,5,28,5,28,5,3,3,2,2,3,3,3,3,2,2,4,2,5,4,1,2,2,3,2,3,2,2,3,2,2,2,2,2
回答者368,1,42,5,1,1,2,25,5,25,5,4,4,3,2,2,2,5,4,5,3,2,3,4,3,5,2,3,4,5,4,4,3,3,2,2,1,1,1
回答者369,1,43,5,1,1,5,26,5,27,5,2,2,2,2,2,2,2,1,2,1,1,2,4,3,2,2,2,2,2,2,2,2,2,2,2,1,2,2
回答者370,2,42,5,1,1,5,27,5,27,5,3,3,3,2,2,2,2,3,2,2,4,1,3,2,2,3,3,2,2,2,2,2,2,3,3,3,3,2
回答者371,2,40,5,1,1,2,26,5,27,5,3,3,4,3,3,3,2,1,2,2,6,2,2,3,2,4,4,3,3,3,3,4,3,4,3,3,3,3
回答者372,1,45,6,1,1,3,27,5,27,5,3,3,4,3,3,3,3,4,5,3,4,3,4,4,3,4,3,3,3,4,4,3,2,3,3,4,2,3
回答者373,1,45,6,1,4,4,27,5,27,5,2,2,2,3,2,2,2,3,2,3,1,2,5,3,3,3,3,3,3,2,3,3,2,3,3,3,3,3
回答者374,2,45,6,1,1,3,27,5,27,5,3,3,5,5,5,5,2,4,5,1,8,4,5,5,6,2,1,3,2,1,3,2,2,2,2,1,2,4
回答者375,2,48,6,1,1,3,28,5,27,5,4,2,2,2,1,4,4,3,4,1,1,1,3,1,6,2,3,2,2,2,1,2,3,3,4,2,3,2
回答者376,1,49,6,1,1,1,27,5,27,5,3,3,3,3,3,2,2,3,2,1,2,4,4,3,3,2,2,2,2,3,2,2,3,3,3,3,3,3
回答者377,1,46,6,1,1,5,27,5,27,5,3,4,2,2,2,2,4,3,3,2,4,2,4,2,2,2,3,5,4,5,3,3,2,2,3,3,4,4
回答者378,2,46,6,1,1,4,26,5,26,5,5,5,5,5,2,5,4,4,4,4,4,4,4,5,5,4,2,4,3,3,2,3,3,3,3,4,4,3
回答者379,1,48,6,1,1,3,29,5,27,5,3,3,4,4,4,4,4,4,5,4,4,4,5,5,6,3,4,3,3,3,3,4,3,3,3,3,4,3
回答者380,1,47,6,1,4,1,26,5,26,5,2,4,4,4,4,2,4,4,5,4,4,4,4,5,6,3,4,4,4,4,2,3,4,4,4,3,4,3
回答者381,1,53,7,1,1,5,25,5,25,5,3,3,3,3,3,3,1,1,1,1,1,3,5,1,5,3,3,5,5,5,5,5,5,5,5,5,5,3
回答者382,2,52,7,1,1,1,27,5,27,5,2,5,5,2,2,5,5,4,3,1,4,5,5,5,2,2,1,1,3,1,3,2,2,2,2,1,2,5
回答者383,1,51,7,1,2,4,27,5,28,5,1,1,1,1,1,1,1,1,2,1,1,2,5,1,3,2,2,2,2,2,2,2,2,2,2,2,2,2
回答者384,2,50,7,1,1,1,27,5,27,5,3,3,4,4,3,3,5,3,3,2,5,3,5,4,3,2,2,2,2,4,4,4,4,4,3,3,3,3
回答者385,1,50,7,1,1,2,27,5,27,5,3,3,4,4,3,3,3,3,3,4,1,2,5,5,6,2,3,3,3,4,2,4,3,3,4,3,3,3
回答者386,1,54,7,1,3,1,28,5,28,5,2,2,4,3,2,3,3,4,2,1,4,3,5,3,3,2,1,1,2,2,3,2,2,2,4,1,3,3
回答者387,1,51,7,1,1,1,27,5,27,5,2,3,2,2,2,2,3,3,4,2,4,2,4,3,2,2,2,2,3,3,2,2,3,3,3,2,2,3
回答者388,1,51,7,1,1,2,27,5,27,5,2,2,3,4,2,4,4,4,4,2,6,4,5,5,2,2,2,2,3,2,2,4,3,2,2,2,3,2
回答者389,2,56,8,1,1,5,27,5,27,5,2,1,2,2,2,3,2,1,2,2,1,1,4,2,2,2,2,2,2,2,2,2,2,2,2,2,3,2
回答者390,2,58,8,1,1,2,30,5,30,5,1,2,2,2,2,1,4,4,2,4,8,2,5,5,7,2,3,3,2,2,2,2,3,3,2,2,2,2
回答者391,1,59,8,1,2,1,27,5,27,5,1,2,2,1,1,2,2,1,2,1,6,2,3,2,2,1,1,2,3,2,3,2,1,1,1,1,1,2
回答者392,1,58,8,1,1,1,27,5,27,5,5,5,5,5,5,5,4,4,5,5,8,3,4,3,2,2,3,3,3,3,3,3,3,3,3,3,3,3
回答者393,1,58,8,1,3,3,27,5,27,5,3,2,3,4,3,3,3,1,4,1,4,4,5,4,4,2,3,2,4,3,2,3,4,4,3,3,4,2
回答者394,1,59,8,1,1,4,27,5,26,5,2,3,4,3,2,3,2,2,2,2,2,2,2,1,2,4,3,2,3,4,3,2,3,4,3,2,3,4
回答者395,1,58,8,1,5,1,29,5,27,5,4,4,5,5,5,5,3,3,4,4,4,2,3,5,7,3,3,3,3,3,3,3,3,3,3,3,3,3
回答者396,2,61,9,1,5,3,29,5,29,5,2,2,2,2,2,2,1,1,1,1,3,3,4,2,2,5,5,5,5,5,5,5,5,5,3,3,2,2
回答者397,2,61,9,1,1,1,27,5,27,5,3,3,3,3,3,3,5,4,3,1,4,2,5,5,3,3,2,3,3,3,3,3,3,3,3,2,3,3
回答者398,2,63,9,1,1,5,27,5,27,5,2,2,2,2,2,2,2,4,3,3,4,3,5,1,3,2,2,2,2,2,1,2,2,2,3,2,2,2
回答者399,2,63,9,1,1,5,27,5,27,5,2,2,3,3,3,3,3,3,2,3,3,3,4,3,3,3,3,3,3,3,3,3,3,3,3,3,3,4
回答者400,2,64,9,1,1,1,27,5,27,5,2,5,5,5,5,5,5,4,5,3,8,2,5,5,7,3,2,2,3,3,3,3,3,3,3,3,3,3
回答者401,2,60,9,1,1,2,28,5,28,5,3,3,3,3,3,3,5,4,3,4,8,4,5,5,2,3,2,2,2,2,2,2,2,2,2,1,2,3
回答者402,1,63,9,1,1,4,27,5,27,5,2,1,2,2,2,3,2,3,2,3,2,3,5,2,3,2,1,2,2,2,3,2,2,3,3,2,2,2
回答者403,1,62,9,1,1,3,29,5,27,5,3,3,3,3,4,3,4,4,4,4,3,3,2,3,3,3,2,2,2,3,3,3,3,4,3,2,4,3
回答者404,1,23,1,1,2,2,38,6,38,6,3,2,2,4,3,3,2,1,2,3,3,3,3,2,1,2,1,3,2,2,2,2,4,2,2,2,3,2
回答者405,2,23,1,1,5,4,34,6,34,6,5,5,5,5,5,5,2,1,2,4,1,5,1,1,2,5,5,5,5,5,5,5,5,5,5,5,5,5
回答者406,2,24,1,1,2,1,39,6,39,6,1,4,3,1,3,1,2,1,5,5,8,1,2,2,2,3,1,3,2,1,1,3,3,5,3,2,5,5
回答者407,1,23,1,1,4,1,34,6,34,6,2,1,4,2,3,2,4,3,2,2,4,2,5,5,2,2,3,2,2,3,3,2,2,3,3,2,3,2
回答者408,2,22,1,1,5,1,34,6,34,6,5,5,5,5,5,5,3,4,4,3,7,4,1,1,6,1,3,2,3,2,3,3,3,4,4,2,2,1
回答者409,2,27,2,1,1,1,34,6,34,6,1,1,2,2,2,2,2,3,2,3,4,2,3,2,4,3,3,3,3,3,3,3,3,3,3,3,3,3
回答者410,1,26,2,1,1,3,36,6,36,6,3,3,3,4,3,3,5,4,2,2,4,4,5,5,3,2,4,2,2,3,2,3,3,2,3,2,2,2
回答者411,2,28,2,1,1,4,37,6,37,6,3,3,3,4,3,4,3,3,4,2,2,3,4,4,6,3,3,3,3,3,4,4,3,4,3,3,3,3
回答者412,2,28,2,1,1,5,39,6,39,6,3,3,5,2,5,5,5,4,5,5,7,5,5,4,7,4,2,2,4,3,4,4,3,4,3,4,4,5
回答者413,1,33,3,1,4,2,37,6,37,6,2,1,1,3,2,3,3,2,3,4,4,4,2,3,3,2,3,2,4,3,2,3,2,2,3,2,2,3
回答者414,1,30,3,1,3,1,35,6,35,6,3,3,4,3,3,3,3,2,2,3,7,3,3,2,3,3,5,3,3,3,3,4,3,3,3,3,3,3
回答者415,2,30,3,1,1,2,33,6,33,6,2,1,3,2,2,2,2,1,1,3,4,5,5,5,7,1,1,2,2,3,2,2,2,3,1,1,3,2
回答者416,1,33,3,1,1,1,33,6,33,6,2,2,2,3,3,2,2,2,3,3,2,1,2,3,4,2,3,3,3,3,3,3,3,3,4,3,4,4
回答者417,2,30,3,1,1,1,34,6,34,6,3,2,2,3,2,3,2,3,2,2,4,4,3,3,2,3,2,2,3,3,2,2,3,3,4,4,3,4
回答者418,2,39,4,1,1,5,33,6,33,6,2,2,2,2,2,2,2,2,2,2,1,4,3,2,2,2,2,2,1,2,2,2,2,2,2,2,2,1
回答者419,2,37,4,1,1,3,33,6,33,6,4,3,3,2,2,2,5,4,2,2,4,4,5,5,6,4,4,4,2,2,3,2,2,2,2,2,2,2
回答者420,1,35,4,1,4,2,34,6,34,6,3,3,4,3,3,3,3,4,5,3,4,3,3,4,4,4,4,3,4,4,3,4,4,4,4,4,4,4
回答者421,1,37,4,1,2,2,36,6,36,6,2,4,2,2,4,2,2,1,2,2,2,2,4,2,3,2,3,3,2,2,2,2,4,2,2,3,2,2
回答者422,1,37,4,1,1,3,38,6,38,6,4,3,4,3,2,3,3,4,4,4,4,4,4,3,3,4,3,4,3,2,2,3,3,4,3,2,3,2
回答者423,2,40,5,1,1,1,35,6,35,6,5,5,5,5,5,5,5,4,5,5,8,5,5,5,7,5,5,5,5,5,5,5,5,5,5,5,5,5
回答者424,1,42,5,1,1,3,39,6,39,6,1,2,1,2,2,1,1,1,2,2,1,1,1,1,1,1,2,1,1,2,3,2,3,3,2,3,2,3
回答者425,1,43,5,1,1,5,38,6,38,6,3,2,3,3,3,3,3,4,3,1,4,3,5,5,4,3,3,3,3,3,3,3,3,3,3,2,3,4
回答者426,1,44,5,1,1,4,35,6,35,6,2,3,2,2,2,2,2,3,2,2,2,4,4,3,3,4,3,4,2,3,3,3,3,3,4,3,3,3
回答者427,2,49,6,1,3,2,35,6,35,6,2,2,3,2,2,2,4,4,4,2,6,4,5,5,6,4,2,2,3,2,3,2,3,2,2,2,4,2
回答者428,1,48,6,1,2,2,34,6,34,6,3,4,2,3,3,2,2,1,3,2,1,3,5,5,3,2,2,3,2,3,3,3,2,3,3,2,2,2
回答者429,2,47,6,1,1,1,38,6,38,6,2,3,4,3,4,3,3,1,2,2,4,2,5,5,3,1,2,2,2,2,3,3,1,2,2,1,2,3
回答者430,1,46,6,1,4,1,34,6,34,6,2,2,4,4,4,4,2,3,3,2,1,4,4,5,5,3,2,2,2,3,2,2,2,3,3,3,3,4
回答者431,2,48,6,1,1,1,37,6,37,6,2,5,5,5,5,5,2,2,5,3,4,3,2,5,7,5,5,5,5,5,5,5,5,5,5,5,5,5
回答者432,2,53,7,1,5,4,34,6,34,6,4,3,4,2,3,3,4,3,5,3,3,2,3,5,5,4,4,3,4,4,3,3,4,4,3,4,5,5
回答者433,2,54,7,1,5,4,32,6,32,6,2,3,3,3,3,3,3,4,5,4,4,3,4,2,4,5,4,3,4,3,3,4,4,3,3,4,3,4
回答者434,1,53,7,1,1,3,34,6,34,6,4,2,5,3,3,5,5,4,3,1,4,3,4,5,3,3,2,2,3,4,2,3,2,3,2,4,2,3
回答者435,1,50,7,1,1,2,34,6,34,6,5,5,3,2,2,5,4,2,5,3,1,5,2,1,1,4,3,3,3,3,3,3,3,3,3,3,3,3
回答者436,2,56,8,1,1,1,39,6,39,6,5,5,5,5,5,5,5,4,5,2,4,5,5,5,7,5,5,5,5,5,5,4,5,5,5,5,5,5
回答者437,2,59,8,1,2,2,33,6,33,6,1,3,5,4,3,4,3,4,4,1,4,3,5,3,6,1,1,1,2,2,3,2,2,2,2,2,2,2
回答者438,2,57,8,1,5,5,35,6,35,6,3,3,3,3,4,3,5,4,5,5,8,3,5,5,7,4,3,3,3,4,3,4,3,3,3,4,3,3
回答者439,2,55,8,1,1,4,34,6,34,6,3,3,5,4,5,5,4,4,3,3,4,4,5,5,6,4,2,3,3,3,3,3,3,4,3,3,4,3
回答者440,2,64,9,1,1,1,37,6,37,6,4,5,3,5,4,5,5,4,5,3,4,3,5,5,7,3,3,4,5,4,1,5,4,5,4,4,5,5
回答者441,2,61,9,1,2,1,36,6,36,6,1,1,2,2,1,2,5,4,5,1,1,3,5,5,6,2,2,3,1,2,3,3,1,2,1,3,3,2
回答者442,2,61,9,1,1,3,37,6,37,6,2,2,2,2,2,2,2,4,3,2,5,2,5,5,4,3,2,2,2,2,2,2,2,3,2,2,3,2
回答者443,2,60,9,1,1,1,38,6,38,6,3,3,4,3,2,3,3,4,3,4,4,4,4,5,3,2,3,3,2,4,3,3,3,3,3,3,3,3
回答者444,1,62,9,1,1,2,36,6,36,6,3,2,2,2,3,3,2,1,3,2,2,1,2,5,4,4,3,4,3,3,3,3,3,3,3,4,3,4
回答者445,2,24,1,1,1,5,40,7,40,7,2,2,1,2,2,2,1,2,1,1,3,1,5,5,5,5,4,2,2,2,2,2,1,4,2,4,4,2
回答者446,1,22,1,1,4,2,40,7,40,7,2,2,2,2,2,2,2,2,2,3,4,2,1,2,3,2,2,2,2,2,2,2,2,2,2,2,2,2
回答者447,2,23,1,1,1,4,40,7,40,7,2,2,5,2,2,2,5,3,4,2,4,2,5,5,1,2,2,3,3,1,3,1,3,3,3,1,2,2
回答者448,2,20,1,1,1,2,40,7,40,7,4,2,3,2,2,3,2,3,2,2,5,4,3,2,3,2,3,3,3,3,2,3,3,3,3,3,3,3
回答者449,1,24,1,1,1,2,43,7,43,7,3,1,4,2,2,3,2,1,2,4,5,2,1,3,1,1,1,1,3,1,2,3,2,2,4,2,2,4
回答者450,1,24,1,1,1,2,47,7,47,7,2,3,4,5,5,5,3,2,3,3,4,3,3,3,3,2,3,3,4,4,2,2,2,2,2,3,3,3
回答者451,2,22,1,1,1,1,40,7,40,7,2,2,2,2,2,2,2,2,2,4,5,3,4,2,3,3,2,3,3,2,2,2,3,2,3,2,3,2
回答者452,2,23,1,1,2,1,43,7,43,7,4,2,2,2,4,3,2,2,1,1,4,1,5,3,2,3,2,4,3,2,2,4,2,2,1,4,2,1
回答者453,2,29,2,1,1,2,46,7,46,7,3,2,2,2,2,2,4,4,4,3,4,3,5,4,5,4,3,2,4,3,4,3,4,3,4,3,3,3
回答者454,2,27,2,1,1,1,40,7,40,7,3,2,3,2,5,2,5,4,5,5,8,1,5,5,7,4,4,2,2,4,3,4,2,4,3,2,4,4
回答者455,2,28,2,1,2,2,47,7,47,7,4,3,2,4,4,4,3,2,3,3,5,3,4,2,3,4,2,2,2,2,2,4,3,3,3,4,2,2
回答者456,1,25,2,1,1,1,47,7,47,7,3,3,3,4,3,3,3,4,3,3,8,3,4,5,3,3,3,3,3,3,3,3,2,3,3,3,3,3
回答者457,2,27,2,1,1,1,46,7,46,7,2,4,5,5,1,5,2,3,5,1,4,5,3,5,6,4,5,3,5,5,1,2,5,4,5,5,5,1
回答者458,1,33,3,1,1,5,40,7,40,7,2,2,2,2,2,2,2,2,2,2,2,2,2,2,2,2,2,2,2,2,2,2,2,2,2,2,2,2
回答者459,1,34,3,1,2,4,40,7,40,7,1,3,3,2,2,2,2,3,2,1,2,4,4,4,3,4,1,3,3,3,2,4,3,3,2,2,3,2
回答者460,2,33,3,1,1,2,43,7,43,7,1,1,2,2,2,2,2,1,1,1,5,2,5,5,1,1,1,1,1,1,1,1,1,1,1,1,1,1
回答者461,2,34,3,1,1,2,44,7,44,7,2,2,5,1,2,2,4,1,2,1,4,4,5,5,2,2,2,2,2,2,3,4,2,2,2,2,3,2
回答者462,1,32,3,1,1,5,40,7,40,7,3,3,3,4,3,3,3,4,5,3,4,3,4,3,3,3,3,3,3,3,3,3,3,3,3,3,3,3
回答者463,2,32,3,1,1,1,45,7,45,7,1,1,5,3,3,3,4,3,4,2,4,3,3,4,6,3,2,2,4,3,2,4,4,5,2,2,3,3
回答者464,1,31,3,1,1,3,40,7,40,7,2,3,5,4,2,2,3,4,4,5,7,3,4,3,6,2,2,3,4,3,4,2,1,3,3,2,4,4
回答者465,1,36,4,1,4,3,43,7,43,7,2,4,4,3,3,3,4,4,3,2,3,4,3,5,4,3,5,4,2,4,3,3,4,3,4,5,5,5
回答者466,2,36,4,1,1,3,40,7,40,7,1,2,4,2,2,3,2,4,3,4,4,3,3,4,6,3,2,2,3,4,1,4,5,4,5,3,5,5
回答者467,1,39,4,1,1,2,40,7,40,7,1,2,2,3,2,2,4,3,4,4,1,2,3,2,3,2,2,3,2,3,2,2,3,2,3,3,3,3
回答者468,2,39,4,1,1,4,46,7,46,7,5,5,5,5,5,5,5,3,5,3,4,4,1,5,7,3,3,3,3,3,3,3,3,3,3,3,3,4
回答者469,1,38,4,1,1,3,45,7,45,7,2,3,4,4,3,3,4,4,5,1,4,4,5,5,4,3,2,4,2,2,3,2,5,4,2,2,4,3
回答者470,2,37,4,1,1,1,43,7,43,7,4,4,4,4,5,4,5,4,5,5,4,2,5,5,7,3,3,3,2,3,3,3,3,3,3,4,3,3
回答者471,2,35,4,1,1,1,43,7,43,7,1,1,1,1,1,1,1,1,1,1,1,1,1,1,1,1,1,1,1,1,1,1,1,1,1,1,1,1
回答者472,2,38,4,1,1,3,44,7,44,7,4,4,4,4,4,4,4,4,4,3,8,4,3,5,6,4,4,5,4,5,2,4,5,5,5,4,5,2
回答者473,1,43,5,1,1,5,40,7,40,7,3,3,3,3,3,2,3,1,3,3,4,3,3,3,3,3,2,3,3,3,3,4,3,3,3,3,3,3
回答者474,2,44,5,1,1,1,43,7,43,7,4,3,4,2,4,4,5,2,5,4,4,2,5,5,7,4,4,3,4,3,4,3,4,4,2,3,5,3
回答者475,1,43,5,1,2,2,40,7,40,7,3,3,3,2,2,4,3,2,3,4,4,2,4,2,7,2,2,3,3,3,2,3,3,3,3,3,3,2
回答者476,1,43,5,1,1,1,47,7,47,7,3,3,3,3,2,4,4,1,4,2,1,3,4,4,6,2,2,2,2,3,4,3,2,3,2,2,4,3
回答者477,1,42,5,1,2,1,43,7,43,7,4,3,3,4,3,4,4,3,3,3,4,3,4,4,3,4,3,3,3,3,3,3,3,3,3,3,3,3
回答者478,2,49,6,1,1,3,40,7,40,7,3,4,3,4,4,4,3,4,4,4,4,3,5,5,4,4,3,3,4,4,4,3,3,3,4,4,4,4
回答者479,1,47,6,1,1,4,45,7,46,7,2,2,2,2,3,2,2,2,2,2,2,2,4,2,2,2,2,3,2,2,2,2,2,2,2,3,2,2
回答者480,2,46,6,1,1,1,46,7,46,7,2,4,3,3,3,3,5,4,5,5,4,5,5,5,6,1,2,2,4,1,3,1,4,1,1,1,2,3
回答者481,1,48,6,1,3,1,43,7,43,7,2,2,3,2,3,3,3,3,2,4,2,3,4,2,2,2,3,2,3,3,2,2,3,3,3,2,2,2
回答者482,1,45,6,1,1,2,41,7,41,7,2,2,3,2,2,3,4,3,3,3,4,4,5,3,4,2,4,5,3,4,2,4,4,3,3,2,4,2
回答者483,1,46,6,1,5,3,40,7,40,7,3,3,4,4,3,3,4,4,3,3,4,3,5,5,7,3,3,3,3,2,3,3,4,3,3,3,3,2
回答者484,1,52,7,1,1,1,43,7,43,7,4,4,5,3,3,4,5,4,5,5,4,4,3,5,5,5,4,5,4,4,4,5,5,4,4,3,4,4
回答者485,1,54,7,1,1,2,40,7,40,7,1,2,3,3,2,2,3,3,2,2,2,2,3,3,3,2,2,3,3,4,3,3,2,2,3,2,3,3
回答者486,2,52,7,1,2,1,43,7,43,7,2,3,2,2,2,5,3,1,4,1,4,1,1,1,6,3,4,3,2,4,2,3,2,3,2,4,3,3
回答者487,1,54,7,1,1,2,47,7,47,7,2,2,2,2,3,3,3,3,3,2,7,2,5,5,3,3,2,2,3,3,3,2,3,3,2,2,3,3
回答者488,1,51,7,1,1,3,40,7,40,7,5,5,3,3,3,3,5,4,5,3,4,1,5,5,7,3,3,3,3,3,3,3,3,3,3,3,5,3
回答者489,2,55,8,1,1,2,40,7,40,7,4,4,4,4,4,4,3,4,5,2,6,2,5,2,6,2,2,3,4,4,2,4,3,4,2,2,3,2
回答者490,1,59,8,1,1,2,45,7,45,7,3,5,5,5,5,5,3,4,4,3,4,4,3,3,3,5,4,5,5,5,3,5,5,5,1,5,5,3
回答者491,2,55,8,1,2,2,44,7,44,7,2,2,2,2,2,3,2,1,2,2,1,1,4,4,2,2,2,2,2,3,4,3,3,3,4,3,3,3
回答者492,2,55,8,1,1,1,41,7,41,7,1,3,5,5,5,5,5,4,5,2,4,5,5,5,6,2,2,3,3,1,2,2,2,1,1,1,3,2
回答者493,1,58,8,1,1,1,45,7,45,7,5,5,5,5,5,5,2,3,4,3,4,3,3,5,4,3,3,3,3,2,3,3,3,3,3,3,3,3
回答者494,2,65,9,1,1,3,40,7,40,7,3,4,4,3,3,3,5,4,5,3,8,3,5,5,5,5,5,5,5,5,5,5,5,5,5,5,5,5
回答者495,1,63,9,1,3,2,47,7,47,7,3,2,3,4,3,3,3,4,3,3,8,3,4,3,3,4,3,3,2,4,2,3,2,4,2,3,2,3
回答者496,2,62,9,1,1,1,42,7,42,7,5,5,5,5,5,5,5,4,5,5,4,3,4,5,3,3,2,2,3,3,3,3,3,3,3,3,3,3
回答者497,1,62,9,1,1,3,40,7,40,7,2,2,2,2,2,2,2,1,2,5,6,2,2,4,2,2,2,2,2,2,2,2,2,2,2,2,2,2
回答者498,1,60,9,1,5,5,42,7,42,7,4,4,5,4,4,4,1,3,5,4,4,2,4,2,5,3,3,3,3,3,3,3,3,3,3,3,3,3
回答者499,1,62,9,1,4,3,41,7,41,7,3,3,3,3,3,3,2,3,3,3,4,3,4,3,3,3,3,2,2,3,3,3,3,3,3,3,3,3
回答者500,1,63,9,1,1,2,41,7,40,7,4,4,3,2,2,3,2,1,5,4,8,3,4,5,7,2,2,2,2,3,3,4,4,4,4,4,5,4
回答者501,2,24,1,2,9,9,4,1,4,1,1,1,1,1,1,1,1,1,1,1,4,2,5,5,1,4,1,1,1,1,1,1,1,1,1,1,1,1
回答者502,1,22,1,2,9,9,4,1,5,1,5,5,5,5,5,5,5,4,5,5,7,3,3,4,3,5,5,5,5,5,5,5,5,5,5,5,5,5
回答者503,1,18,1,2,9,9,5,1,4,1,1,1,1,1,1,1,1,1,1,1,2,2,4,2,2,1,1,1,1,1,1,1,1,1,1,1,1,1
回答者504,1,25,2,2,9,9,1,1,1,1,3,3,2,4,3,1,1,2,2,2,1,1,1,1,1,5,5,2,4,3,3,3,4,3,3,3,4,3
回答者505,1,27,2,2,9,9,1,1,1,1,3,2,1,4,5,4,4,3,5,4,4,1,5,5,6,4,1,1,5,5,1,1,1,1,1,3,3,1
回答者506,1,28,2,2,9,9,1,1,1,1,3,4,4,3,3,4,3,1,5,2,4,1,3,2,4,5,4,5,4,5,1,3,4,5,4,5,5,3
回答者507,2,27,2,2,9,9,1,1,1,1,2,2,2,2,2,2,3,2,2,1,8,2,3,2,6,2,2,3,3,3,2,2,2,2,3,2,2,2
回答者508,2,25,2,2,9,9,1,1,1,1,3,3,3,2,2,3,4,3,2,4,4,5,5,5,2,5,2,1,3,2,3,2,2,1,1,1,2,2
回答者509,2,27,2,2,9,9,1,1,1,1,2,2,2,2,2,3,2,3,2,1,1,1,5,5,2,1,1,1,1,2,2,1,1,1,1,1,1,1
回答者510,1,33,3,2,9,9,2,1,2,1,1,4,2,2,2,2,2,1,4,1,1,2,2,2,3,2,2,2,2,1,2,2,3,1,2,3,2,1
回答者511,2,30,3,2,9,9,1,1,1,1,2,2,3,2,3,2,2,2,2,2,3,2,5,4,2,2,2,2,2,2,2,2,2,2,2,2,2,2
回答者512,1,33,3,2,9,9,4,1,4,1,5,5,1,1,5,5,5,3,5,5,8,1,5,5,7,5,5,5,5,5,5,5,5,5,5,5,5,5
回答者513,1,34,3,2,9,9,1,1,1,1,2,4,5,1,1,1,3,3,3,2,8,1,4,2,1,4,3,3,5,5,1,5,5,4,5,5,5,1
回答者514,2,33,3,2,9,9,1,1,1,1,2,2,2,5,2,2,2,3,3,2,4,2,3,3,4,4,4,4,3,5,5,5,5,5,5,5,5,5
回答者515,2,32,3,2,9,9,1,1,1,1,2,3,2,4,3,4,4,4,1,2,8,1,5,4,6,2,2,1,1,2,3,2,2,1,2,2,3,2
回答者516,1,36,4,2,9,9,2,1,2,1,2,2,4,3,3,2,2,3,2,2,1,4,5,4,6,1,1,2,2,2,2,3,3,2,2,2,3,2
回答者517,1,35,4,2,9,9,1,1,1,1,4,3,5,3,3,3,3,3,3,4,2,3,4,3,3,2,3,2,3,3,3,3,3,3,3,3,3,3
回答者518,1,36,4,2,9,9,1,1,1,1,5,5,5,2,4,4,3,3,5,2,4,4,3,3,5,5,5,5,5,5,1,5,5,5,5,5,5,1
回答者519,2,38,4,2,9,9,4,1,4,1,1,1,2,2,2,4,4,2,2,1,4,2,5,5,2,2,2,3,2,3,3,3,3,2,4,2,3,3
回答者520,2,38,4,2,9,9,1,1,1,1,2,1,1,1,3,4,2,1,1,2,8,1,3,2,6,2,2,3,2,3,3,2,3,2,1,3,3,2
回答者521,1,44,5,2,9,9,1,1,1,1,5,4,5,1,2,1,2,3,5,1,4,1,2,2,5,5,5,4,4,5,3,5,4,5,5,5,5,5
回答者522,2,44,5,2,9,9,1,1,1,1,5,4,4,2,4,5,2,1,5,1,1,1,2,1,3,3,2,5,3,4,1,5,3,2,4,4,4,5
回答者523,1,41,5,2,9,9,1,1,1,1,2,3,3,2,3,3,3,3,2,3,3,3,4,4,2,3,3,3,3,3,3,3,3,3,3,3,3,3
回答者524,1,41,5,2,9,9,4,1,4,1,3,3,2,3,3,3,2,3,4,3,3,5,5,5,7,3,3,3,2,2,3,3,2,3,3,3,4,4
回答者525,2,44,5,2,9,9,4,1,4,1,3,2,3,3,2,2,3,3,2,3,2,4,5,4,2,2,2,2,3,2,3,2,2,2,3,2,2,3
回答者526,2,44,5,2,9,9,4,1,4,1,3,3,2,2,2,2,3,1,3,1,8,1,3,2,3,4,2,2,2,4,2,3,3,3,3,4,4,2
回答者527,1,43,5,2,9,9,2,1,2,1,2,3,4,1,2,2,3,4,4,4,6,2,4,2,4,3,2,2,3,3,3,4,2,4,3,3,4,2
回答者528,1,44,5,2,9,9,1,1,1,1,2,3,3,3,3,3,3,3,3,3,4,3,5,3,6,1,1,3,4,3,3,2,3,3,3,1,3,3
回答者529,1,41,5,2,9,9,4,1,4,1,4,3,3,4,3,3,5,4,5,5,5,5,5,5,7,2,3,2,4,3,3,3,3,3,3,3,3,3
回答者530,1,43,5,2,9,9,1,1,1,1,2,2,3,2,2,2,2,3,4,3,4,1,1,1,5,2,2,3,4,3,2,4,3,3,4,5,5,3
回答者531,1,46,6,2,9,9,1,1,1,1,2,2,3,3,3,3,4,4,2,2,3,3,5,5,3,3,3,2,3,2,3,2,3,2,2,2,3,3
回答者532,1,48,6,2,9,9,5,1,5,1,2,1,2,2,1,2,4,4,2,5,8,5,2,1,6,2,2,3,1,3,2,2,1,1,2,1,1,1
回答者533,2,49,6,2,9,9,1,1,1,1,5,3,3,3,3,3,3,4,3,3,8,3,4,3,7,3,3,3,3,3,4,3,3,3,3,3,3,3
回答者534,1,48,6,2,9,9,1,1,1,1,4,3,3,4,3,4,4,4,4,4,8,3,4,3,5,2,4,3,4,3,3,2,4,3,4,2,3,2
回答者535,2,48,6,2,9,9,4,1,4,1,4,4,5,3,3,3,4,3,5,1,1,5,3,3,5,4,5,3,5,5,1,4,4,5,4,4,5,3
回答者536,2,48,6,2,9,9,1,1,2,1,3,3,1,3,2,3,2,2,2,3,5,3,3,2,2,3,3,2,2,3,3,1,3,3,3,2,3,3
回答者537,1,45,6,2,9,9,1,1,1,1,1,1,1,1,1,1,1,1,1,1,1,1,4,2,1,2,1,1,1,1,1,1,2,1,1,1,1,1
回答者538,1,49,6,2,9,9,1,1,1,1,1,1,1,3,2,2,2,3,2,2,4,3,5,3,6,2,2,2,2,2,3,2,2,3,2,2,2,2
回答者539,1,49,6,2,9,9,2,1,2,1,4,3,3,2,3,4,3,1,5,3,6,3,4,3,3,3,5,5,5,5,3,3,3,3,3,5,5,5
回答者540,1,45,6,2,9,9,1,1,1,1,3,3,3,3,3,3,2,2,3,3,4,2,3,3,3,2,2,2,2,3,3,2,2,2,2,2,2,2
回答者541,1,48,6,2,9,9,5,1,5,1,5,5,5,5,5,5,4,2,5,4,4,4,4,2,5,4,4,5,4,4,4,4,4,4,4,4,4,4
回答者542,1,48,6,2,9,9,1,1,1,1,1,2,3,2,2,2,2,2,2,2,2,2,2,2,2,2,2,2,2,2,2,2,2,2,2,2,2,2
回答者543,2,52,7,2,9,9,1,1,1,1,3,3,3,3,3,3,5,3,5,3,4,3,4,3,3,3,3,5,3,5,3,3,3,3,3,5,5,3
回答者544,1,54,7,2,9,9,1,1,1,1,2,4,4,2,5,4,4,3,2,5,8,2,3,2,4,4,5,4,1,2,3,3,3,2,2,2,3,4
回答者545,1,51,7,2,9,9,1,1,1,1,3,3,3,4,4,4,4,4,4,2,4,4,5,5,3,3,3,3,3,3,3,4,4,4,4,4,4,4
回答者546,1,54,7,2,9,9,1,1,1,1,2,2,2,3,3,2,2,2,4,3,6,4,4,3,3,2,2,3,3,4,2,3,3,3,3,3,3,2
回答者547,1,52,7,2,9,9,4,1,4,1,2,1,1,2,2,2,2,3,1,2,2,1,3,2,6,2,4,2,2,2,3,1,1,1,1,1,1,2
回答者548,1,54,7,2,9,9,2,1,2,1,2,2,4,4,3,4,5,4,4,2,1,3,2,4,2,2,2,2,2,4,4,2,2,3,2,2,3,2
回答者549,1,50,7,2,9,9,1,1,1,1,3,3,3,3,3,3,3,4,5,4,4,4,4,5,3,4,3,3,3,3,3,3,3,3,3,3,3,3
回答者550,1,55,8,2,9,9,1,1,1,1,1,1,1,1,1,1,3,4,3,3,4,5,5,5,3,4,1,3,2,3,3,2,3,4,3,3,3,2
回答者551,1,58,8,2,9,9,1,1,1,1,3,3,2,3,3,3,4,4,3,4,1,4,5,5,2,4,4,4,2,3,3,3,2,3,3,3,3,3
回答者552,1,58,8,2,9,9,4,1,4,1,2,2,2,3,4,3,3,4,2,2,6,2,3,3,2,3,2,2,2,2,3,2,2,2,2,2,2,2
回答者553,1,59,8,2,9,9,1,1,1,1,2,2,2,3,3,3,3,4,2,3,4,3,5,5,6,3,2,2,2,2,3,2,2,2,2,3,2,3
回答者554,1,56,8,2,9,9,6,1,6,1,3,3,3,3,3,3,3,4,3,3,8,2,4,3,3,3,3,2,3,4,3,3,3,3,3,2,3,3
回答者555,1,57,8,2,9,9,1,1,1,1,3,3,3,4,2,4,3,4,3,1,4,3,5,4,4,3,3,3,3,3,3,3,3,3,2,3,3,3
回答者556,1,64,9,2,9,9,2,1,2,1,3,3,4,3,3,3,4,4,5,3,4,4,5,5,3,4,4,4,4,4,4,4,4,4,4,4,4,4
回答者557,1,62,9,2,9,9,5,1,5,1,2,3,3,2,2,2,2,3,4,2,1,5,5,5,1,1,1,2,2,2,2,2,2,2,2,1,1,2
回答者558,1,61,9,2,9,9,4,1,4,1,3,3,5,5,5,5,5,4,5,5,4,3,5,5,6,5,3,4,3,5,4,3,4,5,4,2,3,3
回答者559,1,60,9,2,9,9,5,1,5,1,3,4,2,5,2,3,4,4,4,2,3,1,3,2,3,4,2,4,2,3,2,1,5,3,4,4,5,3
回答者560,1,60,9,2,9,9,5,1,5,1,2,3,2,4,2,3,5,4,4,3,2,2,5,2,3,5,5,5,3,4,3,2,2,2,2,4,3,3
回答者561,1,62,9,2,9,9,3,1,3,1,3,3,3,3,3,3,4,4,3,3,4,4,5,5,3,2,2,4,3,3,2,4,3,3,2,2,3,3
回答者562,1,60,9,2,9,9,1,1,1,1,2,2,2,2,2,2,1,3,4,2,3,2,3,2,3,2,2,2,2,2,2,3,2,2,3,2,2,2
回答者563,1,62,9,2,9,9,1,1,1,1,3,2,2,2,3,3,2,3,2,1,2,2,3,2,2,2,1,2,2,3,2,3,2,2,2,2,3,3
回答者564,1,63,9,2,9,9,3,1,3,1,2,3,3,5,3,5,5,4,4,4,8,5,5,5,6,2,2,2,3,3,3,2,2,3,1,1,3,3
回答者565,1,61,9,2,9,9,4,1,4,1,2,2,2,3,3,3,3,3,2,3,4,3,4,3,2,3,2,4,3,4,3,3,3,3,3,3,3,3
回答者566,1,24,1,2,9,9,14,2,13,3,3,3,4,3,3,3,4,3,4,3,4,4,4,5,6,3,3,2,3,5,3,3,3,3,3,3,3,3
回答者567,2,21,1,2,9,9,12,2,13,3,3,2,2,2,2,2,2,3,2,4,4,2,3,2,3,2,2,2,2,2,2,2,2,2,2,2,2,2
回答者568,2,23,1,2,9,9,11,2,11,2,1,2,1,2,1,1,5,3,2,4,3,2,3,3,1,2,2,1,2,1,2,2,1,1,1,1,1,1
回答者569,2,24,1,2,9,9,8,2,8,2,3,2,3,2,3,3,2,2,2,2,4,5,4,1,3,2,3,2,3,3,2,3,2,1,4,2,4,2
回答者570,2,24,1,2,9,9,14,2,14,2,2,2,2,2,2,2,2,1,4,2,1,2,3,1,2,1,1,1,1,1,1,1,1,1,2,1,2,1
回答者571,2,23,1,2,9,9,11,2,11,2,2,2,2,2,2,2,3,3,3,2,1,2,2,2,2,2,3,1,2,3,2,2,2,3,3,3,4,3
回答者572,2,24,1,2,9,9,11,2,13,3,3,1,4,3,1,4,1,3,4,4,1,4,5,5,1,1,1,2,3,2,4,1,1,2,2,1,1,3
回答者573,1,26,2,2,9,9,11,2,11,2,2,3,4,4,3,3,4,4,3,4,4,4,5,5,3,3,3,2,4,3,3,3,3,2,2,3,4,3
回答者574,1,25,2,2,9,9,11,2,11,2,2,1,2,3,2,2,2,2,2,2,4,2,2,2,2,3,1,2,2,4,2,2,2,2,2,2,2,1
回答者575,2,27,2,2,9,9,14,2,14,2,5,4,5,2,2,4,5,4,2,2,4,4,5,5,4,5,5,1,1,5,4,2,2,2,1,1,3,4
回答者576,1,29,2,2,9,9,12,2,12,2,1,3,3,4,2,3,5,4,4,5,6,3,5,5,3,3,2,2,2,4,4,3,4,2,3,4,2,4
回答者577,1,29,2,2,9,9,12,2,12,2,2,3,3,3,2,3,3,4,5,3,5,4,5,3,7,3,4,3,3,2,4,3,3,5,3,3,3,4
回答者578,1,27,2,2,9,9,12,2,13,3,3,2,4,1,4,3,2,3,5,3,3,3,4,5,3,2,4,2,3,4,2,2,4,1,4,2,3,3
回答者579,2,26,2,2,9,9,14,2,13,3,4,4,4,1,3,3,3,1,5,4,8,1,4,2,3,4,3,2,3,4,2,4,5,4,4,2,5,1
回答者580,1,25,2,2,9,9,14,2,14,2,1,2,3,3,3,5,5,4,5,1,4,5,5,5,3,1,3,2,3,4,3,3,3,3,3,3,3,3
回答者581,1,25,2,2,9,9,11,2,13,3,2,2,4,3,3,3,2,2,2,3,4,3,3,4,4,3,2,3,3,3,3,2,2,3,2,3,3,3
回答者582,2,26,2,2,9,9,12,2,12,2,3,3,2,3,2,1,2,2,3,1,2,2,4,4,5,5,3,3,3,4,4,2,3,3,3,4,3,3
回答者583,2,28,2,2,9,9,9,2,9,2,3,3,5,3,3,3,4,4,4,3,8,3,5,4,3,3,3,3,3,3,3,3,3,3,3,3,3,3
回答者584,1,34,3,2,9,9,11,2,11,2,2,3,3,1,1,2,2,1,2,2,1,2,3,3,3,3,1,2,2,3,2,2,2,2,2,2,1,1
回答者585,1,32,3,2,9,9,14,2,13,3,2,2,2,2,1,2,2,1,2,5,8,4,5,5,3,2,1,2,1,4,3,2,1,2,1,1,2,2
回答者586,1,30,3,2,9,9,11,2,11,2,2,3,3,4,2,3,3,4,3,3,4,3,4,3,3,2,4,3,3,4,3,4,4,4,4,4,5,5
回答者587,2,30,3,2,9,9,12,2,13,3,2,2,2,5,5,2,3,3,1,2,1,1,3,1,3,1,5,3,2,2,2,2,2,2,2,2,4,2
回答者588,2,34,3,2,9,9,12,2,12,2,5,5,5,3,5,5,5,1,5,2,8,1,3,2,7,3,5,5,5,5,4,3,5,5,2,4,5,4
回答者589,1,34,3,2,9,9,14,2,13,3,2,3,4,2,3,3,3,3,3,3,4,5,5,5,3,4,4,3,3,3,3,3,3,3,3,3,3,3
回答者590,2,34,3,2,9,9,14,2,14,2,1,3,3,2,3,2,2,1,4,2,2,1,3,3,2,1,3,4,3,4,2,2,3,2,3,2,2,3
回答者591,1,34,3,2,9,9,14,2,13,3,5,1,1,1,3,1,3,1,1,1,1,1,4,3,6,3,2,2,5,4,3,2,2,2,4,3,4,1
回答者592,1,31,3,2,9,9,12,2,12,2,2,2,1,2,1,3,1,1,1,1,2,1,5,2,1,2,1,2,1,2,1,1,3,2,1,2,2,1
回答者593,1,34,3,2,9,9,10,2,10,2,2,2,5,2,2,2,2,1,5,3,4,2,5,5,3,2,3,2,2,5,3,3,5,3,3,3,3,3
回答者594,2,33,3,2,9,9,12,2,13,3,3,3,3,3,3,4,4,3,3,3,4,5,5,5,6,3,3,3,4,4,3,3,3,4,4,3,4,3
回答者595,2,31,3,2,9,9,14,2,14,2,2,2,2,2,2,2,2,1,2,2,6,4,5,5,2,2,2,2,2,2,2,2,2,2,2,2,2,2
回答者596,1,31,3,2,9,9,11,2,11,2,4,4,5,1,2,5,4,1,3,2,1,1,2,1,6,4,2,4,4,5,3,3,5,5,4,5,5,3
回答者597,2,33,3,2,9,9,14,2,13,3,5,5,5,5,5,5,2,4,5,2,1,4,1,1,3,5,5,5,5,5,5,5,5,5,5,5,5,5
回答者598,1,31,3,2,9,9,8,2,8,2,2,2,2,4,3,3,3,1,3,1,3,1,2,2,2,1,4,1,3,3,3,2,2,2,3,3,3,2
回答者599,2,36,4,2,9,9,12,2,13,3,1,1,3,4,5,1,2,3,2,3,2,3,4,3,2,1,2,1,1,1,1,1,1,2,2,1,1,1
回答者600,1,39,4,2,9,9,10,2,10,2,3,3,3,3,3,3,1,1,1,1,1,1,5,5,5,2,2,2,1,2,1,2,2,2,1,2,2,2
回答者601,2,39,4,2,9,9,11,2,13,3,2,4,4,3,2,2,3,3,4,3,3,3,5,4,2,3,3,2,4,4,3,2,3,4,2,3,4,3
回答者602,1,39,4,2,9,9,11,2,13,3,2,2,2,1,2,2,3,3,5,4,5,2,3,2,3,1,2,1,4,4,2,1,2,2,2,2,2,2
回答者603,2,37,4,2,9,9,14,2,13,3,2,2,3,3,2,3,2,1,2,1,8,2,5,2,6,2,4,2,2,2,2,2,2,2,2,2,3,3
回答者604,1,37,4,2,9,9,11,2,13,3,1,2,2,1,2,3,2,3,2,4,5,4,2,2,4,2,4,2,3,1,2,1,2,2,4,4,2,3
回答者605,1,38,4,2,9,9,11,2,11,2,2,2,4,3,3,3,2,3,4,2,4,2,3,2,3,3,3,3,3,4,3,3,3,3,3,3,3,3
回答者606,1,36,4,2,9,9,10,2,10,2,3,3,2,2,3,2,3,2,4,3,2,3,3,3,2,2,3,3,4,3,3,3,2,3,3,3,2,2
回答者607,1,35,4,2,9,9,14,2,14,2,2,4,3,2,2,3,2,3,3,2,8,2,4,3,4,4,4,5,4,5,2,4,5,5,1,5,5,1
回答者608,1,39,4,2,9,9,8,2,8,2,3,3,4,4,4,4,4,3,4,4,4,4,4,3,3,4,4,4,4,4,4,4,4,4,4,5,5,3
回答者609,1,39,4,2,9,9,14,2,14,2,5,5,4,4,5,4,4,4,5,3,4,2,4,4,4,2,4,5,5,5,5,5,5,5,5,5,5,5
回答者610,2,38,4,2,9,9,12,2,13,3,2,2,2,4,3,5,4,3,3,2,1,5,5,5,6,4,2,3,3,3,2,3,3,3,3,2,2,4
回答者611,2,36,4,2,9,9,10,2,11,2,5,5,5,2,4,5,2,2,5,2,8,1,1,3,5,3,5,3,5,5,2,5,4,5,5,5,5,3
回答者612,1,39,4,2,9,9,12,2,13,3,2,3,2,2,2,2,2,1,2,2,8,3,5,5,2,2,2,4,5,5,1,4,3,2,4,2,3,4
回答者613,1,39,4,2,9,9,10,2,10,2,2,2,3,3,2,4,2,2,1,2,3,2,2,2,2,4,2,3,3,2,3,2,2,2,2,4,4,4
回答者614,1,36,4,2,9,9,11,2,11,2,2,2,3,2,1,2,1,1,2,1,2,2,5,5,3,1,2,3,2,1,2,2,1,2,2,1,1,1
回答者615,1,41,5,2,9,9,11,2,13,3,3,3,3,3,3,3,3,1,1,1,1,1,3,1,3,3,3,1,3,2,3,3,3,3,3,3,3,3
回答者616,2,44,5,2,9,9,14,2,13,3,1,1,1,1,3,1,1,1,1,3,4,3,5,5,7,1,1,1,1,1,3,1,1,1,5,1,1,3
回答者617,1,41,5,2,9,9,12,2,12,2,2,2,2,2,4,4,2,1,2,3,6,3,4,3,2,2,2,2,2,4,3,3,3,2,2,2,3,2
回答者618,1,40,5,2,9,9,14,2,14,2,3,3,3,3,4,4,3,4,5,3,8,3,5,5,5,3,3,2,3,3,3,2,3,2,3,2,4,3
回答者619,1,40,5,2,9,9,11,2,11,2,3,3,5,2,5,4,3,4,2,1,1,5,5,5,5,2,2,5,5,5,1,5,5,4,4,3,5,5
回答者620,1,41,5,2,9,9,14,2,13,3,2,3,2,1,2,3,2,2,4,2,4,2,3,2,3,3,2,2,3,3,2,3,3,3,2,2,3,3
回答者621,1,40,5,2,9,9,14,2,13,3,3,3,3,3,3,3,3,4,4,2,4,3,5,5,6,3,3,3,3,2,3,3,2,3,3,3,3,3
回答者622,2,40,5,2,9,9,14,2,14,2,2,2,3,2,2,4,2,1,3,2,8,4,2,3,1,2,1,2,2,2,3,2,1,2,2,2,1,4
回答者623,1,41,5,2,9,9,9,2,9,2,3,4,3,3,3,3,3,1,5,3,1,3,2,4,4,3,4,4,4,4,2,3,3,4,4,4,3,3
回答者624,2,44,5,2,9,9,14,2,13,3,1,1,1,1,3,5,1,1,1,1,1,3,5,5,6,1,1,1,1,1,1,1,1,1,1,1,1,5
回答者625,1,43,5,2,9,9,14,2,13,3,4,4,4,4,4,5,3,3,4,1,1,1,3,2,4,2,2,3,3,3,3,3,3,3,3,3,3,3
回答者626,1,44,5,2,9,9,8,2,8,2,5,5,3,3,3,4,3,1,5,1,3,4,5,5,6,3,1,4,5,5,1,5,5,5,2,2,4,3
回答者627,1,43,5,2,9,9,12,2,12,2,2,2,5,4,5,4,4,3,5,2,4,2,5,5,5,2,2,2,4,3,3,2,2,2,2,2,3,2
回答者628,1,47,6,2,9,9,12,2,13,3,4,4,5,3,2,5,1,1,5,5,8,3,5,5,5,5,5,5,5,5,1,3,5,5,5,5,5,3
回答者629,1,47,6,2,9,9,11,2,13,3,2,3,4,4,3,3,3,4,2,4,2,3,5,4,6,3,2,4,3,3,3,4,3,3,3,3,4,3
回答者630,2,49,6,2,9,9,14,2,13,3,3,4,4,3,2,3,4,3,4,3,8,4,4,3,4,2,4,3,3,4,2,3,4,3,4,3,3,2
回答者631,2,48,6,2,9,9,12,2,12,2,2,3,3,3,4,2,2,3,4,2,4,4,5,4,2,2,2,3,2,3,2,2,2,3,2,2,2,2
回答者632,2,49,6,2,9,9,14,2,13,3,3,4,3,4,2,3,4,3,4,3,8,4,3,3,3,2,4,3,3,4,2,3,3,3,4,4,3,2
回答者633,2,48,6,2,9,9,12,2,13,3,2,3,2,2,2,5,4,3,3,2,4,4,4,4,2,2,2,2,2,3,2,2,2,3,2,2,3,4
回答者634,2,48,6,2,9,9,12,2,12,2,3,2,2,2,3,2,2,4,4,4,8,4,5,5,2,2,2,3,2,2,3,2,3,2,2,2,2,2
回答者635,1,47,6,2,9,9,14,2,13,3,2,2,4,3,3,3,4,3,5,1,4,4,5,5,6,2,2,2,3,3,2,2,2,2,2,2,2,2
回答者636,2,48,6,2,9,9,11,2,8,2,3,5,5,1,3,3,2,1,5,1,1,1,2,1,6,3,2,4,5,5,1,4,5,4,1,3,5,5
回答者637,1,49,6,2,9,9,12,2,12,2,3,4,4,5,4,4,5,4,4,2,4,3,5,5,6,3,4,3,4,4,4,3,3,4,3,3,4,3
回答者638,2,49,6,2,9,9,14,2,14,2,2,3,3,3,3,3,4,4,4,2,4,4,5,5,3,3,3,3,3,3,3,3,3,3,3,3,3,3
回答者639,1,49,6,2,9,9,12,2,12,2,4,4,4,5,4,4,5,4,4,2,4,3,5,5,6,3,4,3,3,3,3,3,3,4,4,3,4,3
回答者640,1,48,6,2,9,9,14,2,13,3,3,3,4,3,3,3,4,4,3,3,4,4,5,4,6,2,3,4,3,3,3,3,3,3,3,3,3,3
回答者641,1,45,6,2,9,9,12,2,12,2,2,2,4,4,4,2,3,3,2,3,5,3,5,4,4,4,2,3,3,4,4,2,3,4,2,3,3,2
回答者642,1,49,6,2,9,9,8,2,8,2,2,2,2,2,1,1,2,1,2,1,4,3,5,5,2,2,2,5,2,2,2,5,5,5,2,1,3,3
回答者643,1,49,6,2,9,9,14,2,14,2,2,2,2,2,1,3,4,3,2,2,4,5,5,5,2,2,2,2,2,3,2,2,1,2,2,1,2,3
回答者644,1,46,6,2,9,9,14,2,14,2,3,3,5,3,3,3,3,4,5,3,8,4,5,5,6,3,3,5,3,3,3,3,3,3,3,3,3,3
回答者645,1,48,6,2,9,9,8,2,13,3,5,5,5,1,1,1,1,1,5,1,6,1,1,1,7,1,1,3,5,5,1,5,5,5,1,1,5,1
回答者646,1,48,6,2,9,9,12,2,12,2,5,5,5,2,3,2,4,2,4,4,4,2,2,2,4,4,5,2,5,5,3,1,2,2,2,4,3,2
回答者647,1,45,6,2,9,9,14,2,14,2,4,4,4,4,4,4,4,4,4,3,4,3,4,3,3,3,4,3,3,3,3,3,3,3,3,4,3,3
回答者648,1,47,6,2,9,9,11,2,13,3,3,2,4,3,1,2,3,3,3,1,8,1,3,1,6,2,2,2,3,3,2,2,3,2,1,1,2,3
回答者649,1,49,6,2,9,9,12,2,13,3,1,2,1,1,1,1,1,1,4,1,1,1,2,1,7,2,1,3,2,3,1,1,3,3,1,1,3,1
回答者650,1,51,7,2,9,9,12,2,12,2,3,3,4,3,3,3,3,4,5,2,1,3,4,4,3,3,3,3,3,4,3,3,3,3,3,3,3,3
回答者651,1,50,7,2,9,9,11,2,11,2,3,3,5,2,5,5,5,3,3,3,4,4,5,4,4,5,5,5,4,4,2,4,4,4,3,5,5,4
回答者652,2,51,7,2,9,9,14,2,13,3,2,2,3,4,3,5,4,3,5,1,4,3,5,5,3,2,2,2,2,3,3,1,3,2,2,2,2,4
回答者653,1,54,7,2,9,9,11,2,11,2,2,2,4,1,3,3,2,1,3,2,1,2,3,1,4,2,3,3,4,2,2,3,3,4,3,3,4,5
回答者654,1,54,7,2,9,9,14,2,13,3,2,2,2,2,2,3,2,1,3,4,6,1,2,1,1,2,2,1,2,2,3,1,2,2,1,1,2,1
回答者655,2,54,7,2,9,9,14,2,13,3,4,5,5,5,5,5,3,4,4,3,4,3,5,5,4,4,5,3,4,4,3,3,4,5,4,3,3,4
回答者656,1,52,7,2,9,9,14,2,14,2,2,2,3,4,2,2,2,4,4,4,6,3,5,3,4,2,3,4,3,2,2,3,2,2,2,3,3,3
回答者657,2,53,7,2,9,9,11,2,11,2,1,1,1,1,1,1,2,1,1,1,1,5,5,5,1,1,1,1,1,1,1,1,1,1,1,1,1,1
回答者658,1,54,7,2,9,9,12,2,13,3,3,3,4,3,3,3,2,3,2,3,1,2,2,2,2,4,3,3,3,3,3,3,3,3,3,3,3,3
回答者659,1,51,7,2,9,9,14,2,14,2,3,3,1,1,2,2,1,1,3,1,2,1,2,2,2,2,2,3,2,2,2,4,3,3,2,2,3,2
回答者660,2,50,7,2,9,9,11,2,13,3,3,4,5,5,5,2,4,4,4,2,4,5,5,5,5,3,5,3,3,4,3,3,4,4,4,5,5,3
回答者661,2,52,7,2,9,9,8,2,8,2,3,3,3,2,3,3,3,4,3,3,1,2,4,3,3,2,3,3,3,3,3,3,3,3,3,3,3,3
回答者662,2,52,7,2,9,9,14,2,14,2,2,2,2,2,3,1,2,3,4,2,4,2,4,4,4,2,1,1,1,2,2,3,2,2,1,2,2,2
回答者663,2,51,7,2,9,9,14,2,13,3,2,2,3,4,4,5,4,3,4,2,4,2,5,5,2,1,2,2,3,2,3,1,2,2,2,2,2,5
回答者664,1,53,7,2,9,9,10,2,10,2,4,2,2,3,4,3,4,4,4,4,4,4,5,5,6,2,3,4,3,4,2,4,1,3,4,3,3,3
回答者665,1,53,7,2,9,9,8,2,13,3,4,2,5,4,3,4,4,4,5,4,5,5,5,5,7,3,4,3,3,3,3,3,3,3,3,2,2,4
回答者666,1,53,7,2,9,9,11,2,13,3,2,2,2,2,3,3,2,1,3,2,4,2,3,2,3,2,2,2,3,3,3,3,3,3,2,2,2,2
回答者667,1,51,7,2,9,9,9,2,9,2,3,3,3,3,3,3,3,4,3,3,8,3,4,3,3,3,3,4,3,2,3,3,4,3,2,3,3,3
回答者668,1,51,7,2,9,9,11,2,13,3,2,2,2,2,2,2,3,1,2,2,8,2,3,3,2,3,2,3,3,3,3,4,3,3,3,3,3,3
回答者669,1,52,7,2,9,9,11,2,11,2,4,3,4,3,3,3,3,4,5,2,4,2,3,1,7,3,3,4,4,3,3,3,2,3,3,3,3,3
回答者670,1,50,7,2,9,9,11,2,13,3,3,2,3,2,2,2,3,1,2,4,2,2,4,3,2,3,3,3,2,3,2,3,2,2,2,2,2,2
回答者671,1,50,7,2,9,9,12,2,12,2,2,3,1,3,2,3,3,1,2,1,8,5,5,5,3,2,2,2,2,2,1,3,2,3,2,2,3,3
回答者672,1,50,7,2,9,9,11,2,13,3,2,2,3,3,4,4,4,4,4,1,4,4,5,5,5,2,3,2,3,2,2,2,2,2,3,3,3,3
回答者673,1,51,7,2,9,9,11,2,11,2,2,2,2,3,2,2,3,4,3,2,4,3,5,4,3,2,2,2,2,2,4,3,2,2,2,2,2,2
回答者674,1,52,7,2,9,9,11,2,11,2,1,1,1,1,1,3,1,1,1,1,1,5,5,5,1,1,1,1,1,1,1,1,1,1,1,1,1,1
回答者675,1,54,7,2,9,9,11,2,11,2,4,4,4,4,4,4,3,4,2,2,8,2,5,5,3,3,4,3,2,2,3,3,3,2,3,2,2,3
回答者676,1,59,8,2,9,9,14,2,14,2,2,3,3,2,2,2,2,2,3,3,2,4,2,1,4,5,4,3,5,5,3,4,4,4,2,4,5,1
回答者677,1,58,8,2,9,9,14,2,13,3,2,4,4,3,1,2,1,3,2,3,4,2,4,2,1,1,2,3,4,3,1,4,4,3,2,2,3,2
回答者678,1,57,8,2,9,9,12,2,13,3,1,1,1,1,1,1,1,1,1,1,1,1,2,2,1,1,1,1,1,1,1,1,1,1,1,1,1,1
回答者679,1,55,8,2,9,9,14,2,13,3,3,3,4,5,4,5,4,4,3,2,4,4,5,5,3,3,3,3,3,3,3,3,3,3,2,2,3,3
回答者680,2,59,8,2,9,9,14,2,14,2,2,3,5,5,4,4,5,4,5,1,1,3,5,5,5,2,3,3,3,3,3,3,4,3,3,3,3,3
回答者681,2,58,8,2,9,9,14,2,14,2,1,3,3,5,4,4,5,4,5,2,4,1,5,5,2,5,4,3,5,4,3,3,3,4,1,1,2,3
回答者682,1,57,8,2,9,9,12,2,13,3,4,3,2,4,3,3,4,4,4,2,1,4,5,4,5,4,5,2,3,4,3,2,4,3,3,4,3,3
回答者683,1,59,8,2,9,9,8,2,8,2,1,2,2,2,2,2,2,2,2,1,2,1,5,3,2,1,1,2,1,1,1,1,1,2,2,2,2,3
回答者684,2,57,8,2,9,9,11,2,11,2,2,3,1,2,2,3,3,2,2,1,8,2,4,3,3,2,2,2,2,3,2,2,2,2,2,2,2,2
回答者685,2,57,8,2,9,9,14,2,14,2,4,4,5,5,5,5,5,4,4,2,4,2,5,5,3,5,4,4,4,4,2,3,3,4,2,2,3,3
回答者686,1,55,8,2,9,9,14,2,14,2,2,2,4,3,3,3,3,3,3,3,4,5,4,4,4,3,3,3,3,3,3,3,3,3,3,3,3,3
回答者687,1,58,8,2,9,9,11,2,11,2,2,2,3,2,2,4,3,3,4,2,6,3,2,2,6,1,2,3,3,5,1,3,4,5,2,3,5,2
回答者688,1,58,8,2,9,9,14,2,13,3,5,5,5,5,5,5,3,4,5,3,6,3,5,5,3,5,5,5,5,5,5,5,5,5,5,5,5,5
回答者689,1,58,8,2,9,9,14,2,22,4,4,4,4,2,3,4,3,1,3,2,8,2,4,3,4,3,2,4,4,4,2,3,3,3,4,4,4,4
回答者690,1,55,8,2,9,9,14,2,14,2,2,1,2,2,3,4,2,1,3,5,8,2,4,2,1,2,2,2,2,2,2,3,2,2,3,1,2,2
回答者691,1,56,8,2,9,9,12,2,13,3,1,1,2,5,1,4,2,4,3,1,1,3,5,4,1,1,1,1,3,2,3,1,2,1,1,1,1,3
回答者692,1,55,8,2,9,9,11,2,10,2,4,3,4,3,4,5,4,1,5,2,3,5,5,5,5,5,4,5,4,4,1,5,5,4,5,5,5,5
回答者693,1,60,9,2,9,9,11,2,13,3,1,1,1,1,2,4,2,1,2,2,1,2,2,2,2,2,2,3,2,2,1,3,3,3,3,3,3,2
回答者694,1,61,9,2,9,9,12,2,13,3,3,3,3,3,3,4,3,3,4,2,6,2,3,2,2,3,3,3,2,3,3,3,2,3,2,2,3,3
回答者695,2,62,9,2,9,9,11,2,13,3,4,5,4,2,3,5,4,1,5,1,3,4,5,2,4,4,2,3,4,5,1,4,3,4,5,3,3,4
回答者696,1,63,9,2,9,9,14,2,14,2,3,3,3,3,3,4,3,4,3,2,4,4,5,5,7,2,3,3,3,4,3,3,3,3,2,2,4,3
回答者697,1,63,9,2,9,9,8,2,8,2,5,2,2,2,3,3,2,4,2,1,5,2,2,1,4,4,2,2,5,5,3,2,3,2,1,1,3,3
回答者698,1,64,9,2,9,9,14,2,13,3,2,4,4,2,2,3,3,1,4,2,2,4,5,5,6,3,4,2,3,3,3,2,3,3,2,2,2,2
回答者699,2,62,9,2,9,9,11,2,13,3,2,4,3,2,4,5,4,1,5,1,3,4,5,3,4,4,4,3,2,5,1,4,3,5,4,3,2,5
回答者700,1,61,9,2,9,9,11,2,13,3,3,3,3,3,3,3,3,4,3,4,4,3,5,5,3,3,3,3,3,3,3,3,3,3,2,2,3,3
回答者701,1,60,9,2,9,9,12,2,13,3,2,3,2,3,3,3,3,4,4,2,4,3,3,1,7,3,3,3,3,4,3,3,3,3,3,4,4,3
回答者702,1,61,9,2,9,9,12,2,11,2,4,3,3,4,2,3,5,4,5,3,8,4,5,5,7,4,4,4,3,3,3,4,3,2,4,4,3,3
回答者703,1,64,9,2,9,9,12,2,12,2,2,5,4,4,4,4,5,4,5,5,6,2,5,5,2,2,2,4,4,4,2,4,4,5,2,4,4,4
回答者704,1,61,9,2,9,9,11,2,11,2,3,3,2,3,3,2,4,3,2,2,5,2,5,5,3,3,1,2,2,3,2,3,2,3,4,3,2,3
回答者705,1,63,9,2,9,9,12,2,13,3,4,4,4,3,3,4,4,1,3,2,5,3,4,3,4,3,3,2,3,3,2,3,3,3,2,3,3,3
回答者706,1,60,9,2,9,9,14,2,14,2,2,5,4,3,5,4,5,4,5,1,1,3,4,5,7,5,5,5,5,5,1,5,5,5,5,5,5,5
回答者707,1,63,9,2,9,9,12,2,12,2,2,2,3,3,4,4,3,4,3,3,2,4,5,4,4,3,2,3,3,3,2,4,3,3,2,3,4,2
回答者708,1,60,9,2,9,9,12,2,13,3,3,3,2,3,3,3,3,4,4,3,4,3,2,2,3,4,2,2,3,3,3,3,3,2,3,3,4,3
回答者709,1,64,9,2,9,9,14,2,14,2,1,2,4,1,4,4,3,2,2,1,8,3,2,2,4,2,2,1,2,1,3,3,2,2,2,2,3,3
回答者710,2,23,1,2,9,9,13,3,13,3,1,2,2,3,3,2,3,1,4,3,3,2,1,1,2,4,4,3,3,4,3,3,4,5,4,4,4,3
回答者711,2,23,1,2,9,9,13,3,13,3,1,2,2,2,1,1,1,1,1,1,4,1,2,1,2,1,1,2,2,2,1,1,2,2,2,1,1,1
回答者712,1,24,1,2,9,9,13,3,13,3,2,3,2,4,3,2,2,2,3,3,1,2,4,4,2,3,4,2,4,3,2,3,3,2,4,3,2,3
回答者713,2,27,2,2,9,9,13,3,13,3,2,2,2,3,3,2,3,3,4,3,4,3,3,3,3,3,2,3,3,2,2,3,3,2,2,3,2,2
回答者714,2,29,2,2,9,9,13,3,12,2,3,2,2,2,2,3,3,3,2,1,4,3,5,5,6,2,3,1,2,3,2,2,3,3,1,2,2,3
回答者715,1,27,2,2,9,9,13,3,13,3,4,3,3,2,3,3,3,4,3,3,8,3,4,5,7,3,3,4,2,3,3,3,3,3,3,3,3,3
回答者716,2,28,2,2,9,9,13,3,13,3,1,1,1,1,2,2,2,2,3,2,3,2,3,2,3,1,1,1,2,2,2,2,2,2,2,2,2,2
回答者717,2,28,2,2,9,9,13,3,13,3,2,4,4,2,1,1,2,1,4,4,8,2,4,2,2,4,2,1,2,3,1,2,3,2,1,1,2,2
回答者718,1,33,3,2,9,9,13,3,13,3,2,2,4,4,2,4,3,3,2,4,4,3,5,5,2,2,2,3,2,4,3,2,2,2,3,2,3,2
回答者719,1,34,3,2,9,9,13,3,13,3,2,3,4,2,5,5,3,3,3,2,4,5,5,5,3,3,3,2,5,4,3,4,5,4,3,2,3,3
回答者720,2,30,3,2,9,9,13,3,13,3,2,2,1,1,1,4,2,2,2,1,1,2,3,2,1,1,1,1,1,1,1,1,1,1,1,1,1,1
回答者721,2,31,3,2,9,9,13,3,13,3,3,3,3,3,3,3,3,4,3,4,8,3,4,4,4,4,3,3,3,3,2,2,2,3,3,3,3,3
回答者722,2,32,3,2,9,9,13,3,13,3,4,1,3,3,1,2,2,1,3,4,4,2,4,2,1,4,4,3,4,4,3,4,4,3,3,2,4,3
回答者723,1,34,3,2,9,9,13,3,13,3,4,3,3,3,3,3,4,4,5,5,8,5,5,5,5,3,3,3,3,3,3,3,3,3,3,3,3,3
回答者724,1,38,4,2,9,9,13,3,13,3,4,5,5,4,4,3,2,3,5,3,4,2,3,2,6,2,5,5,4,4,1,2,5,4,2,3,4,1
回答者725,2,37,4,2,9,9,13,3,13,3,3,4,3,3,3,3,3,3,3,2,1,4,3,4,4,3,2,2,3,2,3,2,2,3,3,3,3,3
回答者726,1,38,4,2,9,9,13,3,13,3,1,2,3,3,3,4,3,3,3,2,4,2,2,4,1,2,1,1,2,1,4,1,1,1,1,1,3,1
回答者727,1,37,4,2,9,9,13,3,13,3,2,2,2,2,5,2,3,3,3,3,4,5,5,1,2,3,3,4,2,4,3,3,3,2,2,3,3,3
回答者728,1,35,4,2,9,9,13,3,13,3,1,2,1,2,1,1,2,2,2,3,4,3,3,2,2,1,2,2,1,2,2,2,3,4,4,4,3,5
回答者729,2,35,4,2,9,9,13,3,13,3,2,2,5,2,2,2,4,4,5,2,8,4,5,3,4,4,4,4,4,4,2,4,3,4,4,4,4,4
回答者730,2,39,4,2,9,9,13,3,12,2,2,2,3,3,2,2,3,3,3,2,6,3,4,2,3,2,3,2,2,2,2,2,3,2,2,2,3,2
回答者731,2,35,4,2,9,9,13,3,13,3,2,4,3,2,2,4,3,2,4,2,8,3,2,2,2,2,3,3,2,3,3,3,2,3,3,3,3,2
回答者732,2,38,4,2,9,9,13,3,19,4,3,5,5,1,3,3,3,3,4,4,4,1,5,3,5,4,5,2,5,4,1,4,5,4,5,3,5,5
回答者733,2,44,5,2,9,9,13,3,13,3,3,3,3,3,3,3,4,4,3,1,4,3,5,4,7,4,3,3,3,3,3,3,3,3,3,3,3,3
回答者734,1,42,5,2,9,9,13,3,13,3,4,3,5,1,2,5,1,2,4,1,6,1,1,1,5,2,4,2,5,5,1,3,4,2,1,5,5,1
回答者735,2,43,5,2,9,9,13,3,13,3,3,3,2,3,2,5,3,3,3,2,4,2,3,2,3,3,3,3,3,3,2,3,3,3,2,3,4,4
回答者736,1,41,5,2,9,9,13,3,13,3,1,2,3,3,3,3,1,1,3,3,4,3,3,3,3,1,3,3,3,3,3,3,3,3,3,2,3,3
回答者737,2,41,5,2,9,9,13,3,13,3,2,2,3,3,3,3,1,1,1,1,1,1,3,5,7,3,3,3,3,3,3,3,3,3,3,3,3,3
回答者738,1,41,5,2,9,9,13,3,13,3,4,2,1,1,1,1,4,1,3,2,4,2,3,2,7,1,2,3,3,4,3,2,1,1,1,2,3,2
回答者739,2,49,6,2,9,9,13,3,13,3,2,3,3,3,3,3,4,4,3,3,4,4,5,5,6,3,3,4,3,3,3,3,3,3,3,3,3,3
回答者740,1,47,6,2,9,9,13,3,13,3,1,2,1,1,1,1,1,1,2,3,8,1,5,3,2,1,1,3,4,4,3,3,3,3,3,2,3,2
回答者741,1,48,6,2,9,9,13,3,13,3,2,2,5,5,3,5,3,4,5,1,8,3,5,3,3,4,2,4,4,3,4,2,4,4,4,2,3,4
回答者742,2,45,6,2,9,9,13,3,13,3,2,4,3,3,5,2,4,1,3,3,4,3,4,5,5,3,3,4,3,5,3,3,3,3,5,3,3,3
回答者743,2,46,6,2,9,9,13,3,13,3,4,4,2,1,1,2,2,3,1,1,8,2,5,5,3,2,2,2,2,4,1,3,4,2,1,2,4,2
回答者744,2,45,6,2,9,9,13,3,13,3,2,3,3,2,3,3,4,1,4,5,8,1,3,2,6,2,2,3,4,4,4,3,4,4,5,4,4,4
回答者745,1,49,6,2,9,9,13,3,13,3,3,3,3,3,3,3,3,4,3,3,2,3,5,5,7,3,2,3,4,4,3,3,3,2,3,3,3,3
回答者746,1,47,6,2,9,9,13,3,13,3,3,3,5,3,5,5,3,4,5,3,8,5,5,5,6,1,3,5,3,5,3,5,5,1,3,3,5,3
回答者747,1,46,6,2,9,9,13,3,13,3,2,2,2,2,3,4,3,1,4,3,6,3,4,2,4,3,2,3,3,4,3,3,3,3,2,2,4,3
回答者748,1,45,6,2,9,9,13,3,13,3,5,5,3,1,1,2,2,3,5,1,1,1,3,1,5,4,5,5,5,5,1,5,5,5,5,5,5,1
回答者749,1,47,6,2,9,9,13,3,13,3,3,4,5,3,3,4,3,4,5,3,8,3,5,5,7,2,3,4,3,4,2,4,4,3,3,3,4,3
回答者750,1,48,6,2,9,9,13,3,13,3,3,3,3,3,3,3,3,1,4,2,8,4,3,2,3,4,3,5,3,3,2,4,3,3,2,2,3,3
回答者751,1,46,6,2,9,9,13,3,11,2,3,2,3,3,3,3,5,4,3,3,4,3,5,5,3,4,3,5,3,5,3,3,3,3,3,3,3,3
回答者752,1,53,7,2,9,9,13,3,13,3,2,2,2,1,2,2,2,1,2,1,1,2,4,3,2,2,2,3,3,3,2,2,2,2,2,2,2,2
回答者753,1,54,7,2,9,9,13,3,13,3,4,5,4,3,4,5,5,4,5,2,1,3,5,4,7,2,4,3,2,5,4,3,2,3,2,2,4,4
回答者754,1,51,7,2,9,9,13,3,13,3,2,2,3,3,3,5,2,1,3,2,1,4,5,5,7,4,3,3,3,4,3,3,2,2,3,3,3,3
回答者755,2,50,7,2,9,9,13,3,13,3,4,3,3,5,2,5,3,4,4,3,4,4,5,5,3,2,4,4,4,3,3,3,3,3,2,2,5,3
回答者756,2,51,7,2,9,9,13,3,13,3,4,4,4,4,4,4,4,3,5,5,8,4,4,4,6,5,5,5,5,4,5,5,4,4,4,5,5,4
回答者757,2,50,7,2,9,9,13,3,13,3,4,3,2,2,2,5,3,1,3,3,1,2,5,3,5,2,2,3,2,3,2,2,2,2,2,2,2,2
回答者758,1,54,7,2,9,9,13,3,11,2,3,2,3,4,4,4,3,4,3,3,1,3,5,5,3,4,3,3,3,3,3,3,3,3,3,3,3,3
回答者759,1,52,7,2,9,9,13,3,13,3,2,4,3,3,3,3,3,4,3,3,1,3,4,3,3,2,2,2,2,2,3,3,3,3,2,2,3,3
回答者760,1,51,7,2,9,9,13,3,13,3,4,4,4,4,4,3,2,4,4,4,4,1,2,1,2,3,4,5,5,5,5,5,5,5,4,5,5,5
回答者761,1,53,7,2,9,9,13,3,13,3,2,2,2,2,2,2,2,1,2,2,4,2,2,2,4,3,4,4,5,5,4,4,3,4,2,4,4,3
回答者762,1,52,7,2,9,9,13,3,13,3,3,3,3,3,3,3,3,3,4,1,6,3,4,4,6,2,2,2,3,3,3,2,3,3,3,3,3,3
回答者763,1,53,7,2,9,9,13,3,13,3,4,4,4,4,2,4,4,3,4,1,1,2,5,5,2,4,2,2,4,4,2,2,2,2,2,1,2,1
回答者764,1,54,7,2,9,9,13,3,13,3,3,3,3,3,3,3,3,4,3,3,4,2,4,3,3,3,3,3,3,3,3,2,3,3,3,3,3,3
回答者765,1,51,7,2,9,9,13,3,13,3,2,3,4,4,3,3,2,1,2,1,2,3,5,5,3,4,3,4,3,4,2,2,3,3,3,4,4,3
回答者766,1,54,7,2,9,9,13,3,13,3,2,2,3,2,3,2,2,1,3,3,3,2,4,4,3,2,3,2,2,2,3,3,2,3,3,3,2,2
回答者767,1,50,7,2,9,9,13,3,12,2,2,2,3,1,2,3,2,1,3,4,2,3,5,5,2,2,1,2,1,2,2,2,2,2,2,2,2,1
回答者768,1,57,8,2,9,9,13,3,13,3,4,4,4,3,3,2,4,4,4,1,3,4,3,3,4,4,4,3,1,5,1,4,5,5,3,4,4,3
回答者769,1,55,8,2,9,9,13,3,12,2,3,3,3,3,3,3,4,4,3,4,4,3,5,5,4,3,2,3,3,3,3,3,3,3,3,3,3,3
回答者770,1,59,8,2,9,9,13,3,13,3,2,2,2,4,3,4,4,4,2,3,6,3,5,5,3,2,2,2,2,2,2,2,2,2,2,2,2,2
回答者771,1,55,8,2,9,9,13,3,14,2,3,3,3,4,3,3,3,4,3,2,2,4,5,5,6,1,2,1,3,2,4,1,2,1,1,1,2,2
回答者772,2,58,8,2,9,9,13,3,13,3,1,2,2,1,1,4,1,1,2,1,1,4,3,2,6,2,1,1,1,1,2,2,2,2,2,1,3,1
回答者773,2,55,8,2,9,9,13,3,13,3,3,3,4,2,3,3,2,1,4,2,8,1,1,1,3,3,4,4,3,3,3,4,2,3,3,4,4,3
回答者774,1,57,8,2,9,9,13,3,11,2,2,2,2,2,2,2,3,4,3,2,4,2,5,4,3,3,2,3,2,3,2,4,3,3,3,2,3,3
回答者775,1,57,8,2,9,9,13,3,8,2,2,3,3,3,3,3,4,1,4,4,4,4,5,5,3,2,2,3,3,3,3,3,2,2,4,3,3,3
回答者776,1,57,8,2,9,9,13,3,13,3,3,3,3,3,3,3,2,1,2,2,2,2,3,4,5,4,3,4,4,3,3,3,2,4,2,3,4,4
回答者777,1,63,9,2,9,9,13,3,11,2,3,3,4,2,3,2,2,3,5,5,8,3,3,3,5,4,4,4,4,4,4,4,5,4,4,4,5,5
回答者778,1,61,9,2,9,9,13,3,13,3,3,3,4,3,3,3,3,4,4,4,4,3,2,2,4,3,3,3,3,4,3,4,3,3,3,3,3,3
回答者779,1,65,9,2,9,9,13,3,13,3,3,3,4,4,3,3,5,4,3,4,8,3,5,5,6,2,2,3,2,3,2,2,3,3,2,2,2,3
回答者780,2,65,9,2,9,9,13,3,13,3,3,3,1,3,3,4,4,4,2,1,8,4,5,5,3,4,2,3,2,2,2,2,2,2,1,2,2,2
回答者781,1,60,9,2,9,9,13,3,13,3,2,2,1,2,2,2,2,2,2,1,4,2,2,2,2,2,1,2,2,3,2,2,1,2,2,2,1,2
回答者782,1,62,9,2,9,9,13,3,11,2,2,2,2,2,2,2,3,1,2,2,1,3,4,3,2,2,2,2,2,2,2,2,2,2,2,2,2,2
回答者783,1,24,1,2,9,9,21,4,21,4,1,2,2,4,4,1,4,3,2,2,4,4,5,5,2,2,4,5,2,4,2,2,2,2,4,3,3,2
回答者784,1,24,1,2,9,9,23,4,23,4,1,1,1,3,3,3,3,4,2,1,1,3,5,5,3,3,3,3,3,3,3,3,3,2,3,2,3,3
回答者785,2,24,1,2,9,9,23,4,23,4,2,2,2,2,1,1,3,1,2,4,8,4,5,3,2,2,1,1,2,3,3,1,1,1,3,1,3,3
回答者786,2,27,2,2,9,9,17,4,17,4,2,2,3,2,2,2,2,2,2,4,6,1,3,2,2,2,2,3,2,2,2,3,2,2,2,2,2,3
回答者787,2,25,2,2,9,9,21,4,23,4,2,3,4,2,2,3,4,3,1,2,4,2,4,4,4,2,2,2,4,5,3,1,2,2,1,3,3,1
回答者788,1,28,2,2,9,9,15,4,15,4,3,3,3,3,3,3,3,4,3,2,4,4,4,3,4,3,4,4,4,5,3,4,3,3,3,4,3,3
回答者789,2,29,2,2,9,9,15,4,15,4,2,2,4,2,2,4,2,1,2,1,1,1,2,4,6,2,2,2,2,4,2,4,4,4,4,3,4,2
回答者790,1,26,2,2,9,9,23,4,23,4,3,3,2,3,3,3,3,1,2,2,8,3,4,5,3,3,3,2,3,3,3,3,3,3,3,2,3,3
回答者791,1,26,2,2,9,9,23,4,21,4,1,2,4,2,3,4,1,1,3,3,4,4,5,5,3,5,5,5,5,5,4,3,4,4,5,5,5,5
回答者792,2,33,3,2,9,9,23,4,23,4,3,3,2,3,2,2,2,3,2,1,6,1,5,4,4,2,2,2,2,2,2,2,2,2,2,2,2,2
回答者793,1,33,3,2,9,9,23,4,23,4,2,3,3,3,3,3,3,2,2,2,3,2,3,2,4,3,3,3,3,3,3,2,2,2,2,2,2,2
回答者794,1,33,3,2,9,9,21,4,21,4,3,3,4,3,3,2,5,4,3,3,4,3,5,3,3,3,3,3,3,3,3,3,3,3,3,3,3,3
回答者795,1,35,4,2,9,9,17,4,17,4,3,3,2,3,3,3,4,1,2,4,4,2,3,2,5,2,4,4,4,4,4,3,3,4,4,4,3,4
回答者796,1,35,4,2,9,9,22,4,22,4,1,1,1,1,3,5,1,1,1,5,1,1,2,1,6,1,1,4,1,1,2,4,1,1,1,1,1,1
回答者797,1,39,4,2,9,9,16,4,16,4,3,2,1,2,2,2,2,1,3,4,2,3,4,4,2,2,1,2,2,4,2,2,3,1,2,2,4,1
回答者798,1,39,4,2,9,9,23,4,23,4,3,3,2,1,1,1,1,1,3,1,8,1,2,1,3,3,3,4,2,5,1,5,5,4,5,5,5,5
回答者799,1,36,4,2,9,9,23,4,23,4,1,2,3,2,5,3,4,2,2,4,8,3,5,5,6,2,2,3,2,2,3,2,3,2,2,2,3,2
回答者800,1,38,4,2,9,9,15,4,15,4,3,3,3,3,3,3,3,1,3,3,4,3,3,3,7,3,3,3,3,4,3,3,3,3,3,3,3,3
回答者801,1,39,4,2,9,9,16,4,16,4,2,2,2,1,2,3,2,1,2,2,6,3,4,4,2,2,2,1,2,4,2,2,2,1,4,2,4,2
回答者802,1,35,4,2,9,9,24,4,24,4,5,4,5,5,5,5,5,4,5,5,8,3,4,4,4,4,2,2,3,5,3,4,2,2,2,4,2,2
回答者803,1,35,4,2,9,9,24,4,23,4,5,3,3,2,4,3,3,4,5,5,8,3,4,3,3,5,5,2,3,4,3,4,2,2,3,2,3,2
回答者804,1,42,5,2,9,9,23,4,23,4,2,3,3,5,5,5,5,4,5,3,4,3,5,5,3,3,3,5,3,5,2,5,4,4,5,5,5,5
回答者805,1,42,5,2,9,9,23,4,23,4,3,3,5,3,3,3,3,3,4,1,4,4,4,3,4,3,5,3,4,4,4,4,3,4,4,2,4,4
回答者806,1,42,5,2,9,9,24,4,24,4,5,5,5,5,5,5,3,3,4,4,8,4,4,4,4,4,4,4,4,4,4,4,4,4,4,4,5,5
回答者807,1,40,5,2,9,9,21,4,21,4,2,2,1,2,3,3,2,1,2,4,2,2,5,3,5,2,2,2,3,3,2,1,2,2,1,2,2,1
回答者808,1,41,5,2,9,9,15,4,15,4,5,5,4,4,4,4,4,4,4,3,4,3,5,4,7,3,4,4,4,4,4,4,4,4,5,3,3,3
回答者809,1,40,5,2,9,9,23,4,23,4,4,5,4,1,5,4,4,1,5,1,4,3,4,1,4,5,5,5,4,4,3,4,3,4,5,4,5,3
回答者810,1,40,5,2,9,9,15,4,15,4,4,3,3,3,3,2,2,1,4,2,6,1,3,2,7,3,4,3,4,3,3,3,4,4,3,4,4,4
回答者811,1,43,5,2,9,9,21,4,21,4,2,2,3,3,5,2,2,1,3,2,1,5,5,5,5,1,2,3,4,4,2,3,3,2,2,2,3,3
回答者812,1,44,5,2,9,9,22,4,22,4,3,3,4,5,3,3,5,3,5,2,4,5,5,4,7,2,2,2,2,2,3,3,3,2,3,2,4,4
回答者813,1,47,6,2,9,9,24,4,24,4,4,3,4,2,4,3,5,3,5,4,4,2,5,5,6,2,2,3,2,2,2,4,4,3,3,1,4,4
回答者814,2,48,6,2,9,9,23,4,23,4,2,3,2,3,3,3,3,4,5,3,4,3,4,2,6,2,3,5,5,5,3,5,5,5,4,5,5,5
回答者815,1,47,6,2,9,9,17,4,17,4,3,2,2,3,2,3,4,4,2,5,4,5,5,5,4,2,3,2,3,4,2,2,2,2,3,2,2,2
回答者816,1,49,6,2,9,9,15,4,15,4,2,3,4,3,3,2,5,4,4,3,8,4,5,4,6,3,3,3,2,3,2,2,3,3,2,3,3,2
回答者817,1,45,6,2,9,9,23,4,23,4,2,3,4,5,5,4,5,4,5,3,4,4,5,5,3,3,2,2,3,3,3,2,3,2,1,2,3,3
回答者818,1,49,6,2,9,9,19,4,19,4,4,3,4,3,4,3,3,3,3,4,2,3,4,2,7,3,3,2,4,3,3,3,3,2,2,3,3,3
回答者819,2,47,6,2,9,9,23,4,21,4,4,4,4,5,5,5,5,4,5,3,4,3,5,3,4,3,2,3,4,4,3,4,3,3,3,3,4,4
回答者820,1,45,6,2,9,9,23,4,23,4,5,3,3,4,3,4,3,4,3,2,4,4,5,3,6,3,3,3,3,3,3,3,3,3,3,3,4,4
回答者821,1,45,6,2,9,9,23,4,23,4,1,3,4,5,5,4,5,4,3,2,4,3,5,5,3,2,3,2,3,2,3,2,3,3,2,2,3,3
回答者822,1,48,6,2,9,9,22,4,22,4,3,3,3,3,4,3,4,3,2,4,4,3,3,3,6,3,3,3,3,3,3,3,3,3,3,3,4,3
回答者823,1,48,6,2,9,9,22,4,22,4,4,3,3,3,2,3,2,3,2,2,4,4,3,3,6,3,3,3,3,3,3,4,3,3,3,2,3,3
回答者824,1,48,6,2,9,9,23,4,23,4,2,5,3,5,1,1,2,4,2,1,8,2,5,2,2,2,2,2,5,2,2,2,2,2,1,1,1,1
回答者825,1,46,6,2,9,9,23,4,21,4,2,2,5,2,2,5,5,1,5,3,1,5,5,5,3,5,1,5,5,4,2,3,5,5,5,5,5,3
回答者826,1,54,7,2,9,9,18,4,17,4,2,4,3,3,4,3,3,3,3,2,4,2,4,2,3,2,2,3,3,4,3,3,2,2,3,3,3,3
回答者827,1,52,7,2,9,9,16,4,16,4,5,3,3,2,3,3,3,4,4,4,5,4,5,5,4,5,2,5,4,4,4,3,4,4,3,4,3,3
回答者828,2,51,7,2,9,9,21,4,21,4,1,1,3,2,2,4,2,1,1,1,8,2,3,3,3,2,2,4,2,4,3,2,3,3,4,3,4,3
回答者829,1,50,7,2,9,9,24,4,24,4,1,1,4,3,5,2,4,3,2,4,4,3,5,5,6,2,2,3,4,4,2,4,3,3,2,3,3,2
回答者830,1,50,7,2,9,9,23,4,23,4,4,3,2,2,2,2,2,1,3,2,8,3,5,4,2,2,2,2,2,2,2,2,2,2,2,2,2,3
回答者831,2,51,7,2,9,9,15,4,15,4,1,1,1,1,1,3,4,3,4,2,1,4,5,5,3,2,2,3,3,5,1,4,4,4,5,2,5,3
回答者832,2,54,7,2,9,9,22,4,22,4,3,3,3,4,3,2,3,4,3,3,8,2,5,5,3,3,4,3,4,3,4,4,3,4,4,4,4,3
回答者833,1,53,7,2,9,9,23,4,23,4,3,5,3,4,3,5,3,4,5,2,1,3,5,2,5,3,3,4,5,5,2,5,5,5,5,5,5,3
回答者834,1,54,7,2,9,9,20,4,20,4,3,3,4,4,3,3,5,4,3,3,4,4,5,5,4,3,3,3,3,3,3,3,3,3,3,3,3,3
回答者835,1,50,7,2,9,9,15,4,15,4,4,4,3,3,2,3,4,3,3,3,4,3,5,5,2,5,3,3,2,3,2,3,3,2,3,2,3,5
回答者836,1,52,7,2,9,9,22,4,22,4,2,3,3,2,2,5,3,3,2,3,2,3,2,2,6,2,2,2,3,3,3,2,2,3,3,3,3,3
回答者837,1,52,7,2,9,9,23,4,23,4,2,3,4,4,3,3,4,4,2,4,4,3,3,3,6,2,2,3,3,4,2,3,3,3,3,3,4,3
回答者838,1,54,7,2,9,9,23,4,23,4,3,3,3,2,2,2,3,3,4,4,4,3,3,2,4,3,3,4,4,4,2,4,3,4,4,4,3,3
回答者839,1,50,7,2,9,9,23,4,23,4,2,3,2,2,2,2,3,2,3,4,3,3,4,4,4,3,3,3,3,2,4,3,4,2,2,3,3,3
回答者840,1,52,7,2,9,9,16,4,16,4,2,3,3,3,4,4,3,3,3,4,4,3,4,3,3,3,3,2,4,3,3,3,3,3,4,4,4,4
回答者841,1,50,7,2,9,9,22,4,22,4,3,3,3,3,3,4,3,3,2,3,8,3,3,3,3,3,3,3,2,2,3,3,2,3,3,3,3,3
回答者842,1,59,8,2,9,9,24,4,23,4,2,2,4,4,3,3,4,4,4,4,8,5,5,5,4,5,3,2,4,3,4,3,2,2,2,3,3,2
回答者843,1,55,8,2,9,9,16,4,16,4,5,2,5,5,2,2,5,4,5,5,4,5,5,2,4,3,3,3,3,3,3,3,3,3,3,3,3,3
回答者844,1,58,8,2,9,9,22,4,28,5,5,5,2,1,1,5,3,1,5,5,4,5,5,3,3,5,1,5,5,5,1,3,5,5,1,1,5,1
回答者845,1,58,8,2,9,9,23,4,23,4,2,3,3,2,3,3,3,4,3,3,8,3,5,5,4,2,3,4,3,4,3,4,3,4,3,3,3,3
回答者846,1,59,8,2,9,9,24,4,23,4,2,3,4,3,4,4,5,4,3,3,8,3,5,5,3,4,3,2,2,4,4,3,2,2,2,3,4,2
回答者847,2,59,8,2,9,9,23,4,23,4,4,4,4,4,4,4,3,4,3,3,4,3,5,5,3,4,4,2,3,3,3,3,3,3,3,3,3,3
回答者848,2,59,8,2,9,9,22,4,22,4,3,4,3,2,4,4,3,2,5,1,1,1,4,3,2,2,2,3,3,3,2,3,3,3,1,2,3,4
回答者849,2,56,8,2,9,9,23,4,23,4,4,3,3,3,4,3,3,3,3,3,8,3,3,4,7,4,2,3,3,3,3,3,3,3,3,3,3,3
回答者850,1,56,8,2,9,9,20,4,20,4,2,2,2,3,2,4,3,1,2,4,2,3,4,3,2,2,2,3,3,3,2,3,3,3,3,3,3,3
回答者851,1,55,8,2,9,9,23,4,23,4,2,3,2,2,3,3,3,3,3,3,4,3,2,2,3,2,2,3,3,3,3,3,3,3,4,2,3,2
回答者852,1,58,8,2,9,9,23,4,23,4,3,3,4,3,3,3,5,4,3,1,4,3,5,4,3,3,3,3,3,3,3,3,3,3,3,3,3,3
回答者853,1,59,8,2,9,9,21,4,21,4,3,3,3,2,3,3,3,3,3,2,8,3,4,2,3,3,3,4,3,3,2,4,3,3,3,3,3,3
回答者854,1,58,8,2,9,9,23,4,23,4,2,3,2,2,2,2,3,1,3,1,1,2,3,1,3,2,1,2,3,3,2,2,3,3,3,3,3,2
回答者855,1,57,8,2,9,9,23,4,23,4,5,5,5,5,5,5,5,4,5,1,4,3,5,2,5,5,5,5,5,5,5,5,5,5,5,5,5,5
回答者856,1,64,9,2,9,9,23,4,23,4,2,2,4,4,4,3,4,4,3,3,4,2,1,2,4,3,2,3,2,3,3,3,3,2,2,2,3,3
回答者857,1,63,9,2,9,9,15,4,15,4,2,2,2,3,4,4,3,4,3,3,1,5,5,5,5,2,2,2,2,3,2,3,2,2,2,2,2,2
回答者858,1,61,9,2,9,9,17,4,17,4,1,2,3,5,2,2,4,4,4,3,4,4,5,5,2,2,2,2,2,2,2,2,2,2,1,1,3,2
回答者859,1,62,9,2,9,9,23,4,23,4,5,5,5,5,5,5,5,4,5,5,4,5,5,5,5,5,5,5,5,5,5,5,5,5,5,5,5,5
回答者860,1,63,9,2,9,9,20,4,20,4,1,4,2,2,1,3,3,3,3,2,8,4,4,4,2,2,2,2,4,2,2,2,2,3,4,2,3,2
回答者861,1,62,9,2,9,9,15,4,15,4,2,3,2,2,3,3,3,3,4,3,3,2,4,3,4,3,4,4,3,3,3,4,3,4,3,4,4,4
回答者862,1,64,9,2,9,9,15,4,15,4,1,2,2,3,1,2,2,1,3,1,5,1,2,2,2,2,2,2,3,3,2,2,3,3,2,2,3,3
回答者863,1,61,9,2,9,9,23,4,23,4,2,3,4,3,3,3,4,4,3,5,8,5,5,5,4,3,2,3,4,3,3,3,3,3,3,3,3,3
回答者864,1,60,9,2,9,9,23,4,23,4,2,3,4,3,3,4,4,3,2,2,1,3,4,4,4,2,2,3,3,2,2,3,3,3,3,3,3,2
回答者865,2,23,1,2,9,9,27,5,27,5,2,2,2,3,3,3,4,3,2,3,2,2,5,3,3,2,2,2,2,2,2,2,2,2,2,2,2,2
回答者866,1,24,1,2,9,9,28,5,28,5,5,5,5,5,5,5,3,3,3,3,4,3,4,5,5,3,3,3,3,3,3,3,3,3,3,3,3,3
回答者867,1,29,2,2,9,9,27,5,27,5,5,4,5,4,2,2,4,3,2,4,4,2,5,5,4,4,5,2,2,4,2,2,3,3,4,3,2,3
回答者868,2,29,2,2,9,9,27,5,27,5,2,2,5,5,5,5,5,3,3,4,4,5,5,5,7,3,3,3,3,3,3,3,3,3,3,3,4,3
回答者869,2,27,2,2,9,9,27,5,27,5,2,1,3,2,2,2,2,4,2,2,8,2,5,5,2,1,2,1,2,2,1,2,1,2,1,1,2,2
回答者870,2,27,2,2,9,9,27,5,26,5,2,3,3,3,3,4,3,3,2,2,7,4,1,2,7,4,3,3,3,3,3,3,3,4,4,2,3,3
回答者871,1,27,2,2,9,9,26,5,26,5,2,2,1,1,1,3,1,2,2,1,2,2,2,2,2,3,1,2,3,2,2,1,1,2,1,3,2,2
回答者872,1,29,2,2,9,9,27,5,26,5,1,1,1,1,1,1,1,1,1,1,7,1,1,1,5,2,5,2,5,5,1,2,3,4,4,4,3,5
回答者873,1,32,3,2,9,9,27,5,27,5,5,5,5,5,5,5,4,3,3,3,3,3,4,4,5,5,5,5,5,5,5,5,5,5,5,5,5,5
回答者874,1,32,3,2,9,9,27,5,27,5,1,1,2,3,2,2,2,2,2,2,2,2,2,2,2,1,2,3,2,2,3,1,2,3,2,3,4,1
回答者875,2,33,3,2,9,9,27,5,27,5,2,3,3,2,2,4,2,1,2,2,4,2,1,2,3,4,4,3,3,4,3,3,5,4,4,5,5,4
回答者876,1,34,3,2,9,9,27,5,27,5,3,1,3,3,3,2,5,4,5,3,4,3,3,3,3,3,2,3,3,3,2,3,3,3,2,3,3,2
回答者877,1,33,3,2,9,9,27,5,27,5,3,3,3,3,3,5,2,1,2,4,5,2,2,3,3,2,3,3,3,3,3,3,4,2,3,3,3,3
回答者878,2,32,3,2,9,9,27,5,29,5,3,3,4,2,4,3,3,3,4,4,4,2,4,2,4,4,2,3,4,4,1,2,3,3,3,3,3,3
回答者879,1,36,4,2,9,9,27,5,27,5,5,5,5,5,5,5,5,4,5,5,8,5,5,5,7,5,5,5,5,5,5,5,5,5,5,5,5,5
回答者880,1,37,4,2,9,9,28,5,28,5,2,4,4,4,4,4,4,4,4,1,1,5,5,5,6,3,4,2,2,3,3,2,4,4,2,2,4,4
回答者881,1,35,4,2,9,9,26,5,26,5,3,2,5,3,3,2,2,1,2,2,1,1,1,1,2,3,3,2,3,3,3,2,4,3,3,4,3,3
回答者882,1,37,4,2,9,9,27,5,27,5,4,4,4,4,4,4,3,4,4,4,4,5,4,5,5,3,4,4,4,4,4,4,4,4,3,3,3,4
回答者883,2,37,4,2,9,9,28,5,28,5,3,3,2,3,3,2,3,1,5,2,4,3,5,5,3,3,3,3,3,3,3,3,3,3,3,4,3,3
回答者884,2,37,4,2,9,9,27,5,27,5,1,1,2,2,2,4,2,1,2,1,1,5,5,5,1,1,1,4,3,2,3,2,1,1,4,1,1,4
回答者885,1,35,4,2,9,9,28,5,28,5,5,3,3,3,4,3,3,2,2,2,3,2,4,2,2,2,2,3,2,1,2,3,3,2,3,2,2,3
回答者886,1,38,4,2,9,9,29,5,25,5,3,3,4,4,4,4,4,4,3,2,8,5,5,5,6,3,2,4,3,3,4,3,3,3,3,3,3,3
回答者887,2,36,4,2,9,9,27,5,27,5,2,2,4,2,2,1,2,1,2,2,4,2,5,5,1,2,1,2,2,2,1,2,3,2,1,1,3,3
回答者888,2,43,5,2,9,9,26,5,25,5,4,3,5,2,1,3,2,1,3,2,6,2,4,2,5,2,2,2,2,4,2,3,5,3,4,3,3,3
回答者889,1,41,5,2,9,9,27,5,27,5,2,2,2,3,2,3,3,3,2,1,2,3,4,3,5,3,2,2,3,2,2,3,2,2,4,2,2,3
回答者890,2,40,5,2,9,9,27,5,27,5,3,2,4,4,3,3,4,3,4,1,8,2,5,4,3,2,2,3,3,3,3,3,3,3,2,2,2,3
回答者891,1,42,5,2,9,9,28,5,28,5,3,4,4,2,4,4,3,1,5,2,4,5,5,3,5,2,2,3,4,4,2,4,3,4,2,2,4,2
回答者892,1,43,5,2,9,9,27,5,27,5,5,5,5,1,2,3,3,2,4,4,4,1,3,1,6,3,3,4,4,4,1,4,3,4,2,4,4,2
回答者893,1,40,5,2,9,9,28,5,28,5,2,2,4,1,1,1,2,3,4,4,4,2,5,2,2,1,1,1,3,3,2,1,2,3,4,2,1,4
回答者894,2,42,5,2,9,9,27,5,27,5,3,3,4,3,3,3,3,3,3,3,4,4,5,5,3,3,3,3,3,3,3,3,3,3,3,2,2,3
回答者895,1,41,5,2,9,9,28,5,28,5,4,5,4,3,2,4,4,4,4,4,5,4,5,4,5,4,5,4,5,4,2,4,4,4,4,3,4,3
回答者896,1,44,5,2,9,9,28,5,27,5,4,4,5,1,3,3,5,4,3,1,8,2,2,1,7,3,4,4,4,4,5,3,3,3,4,5,5,4
回答者897,1,44,5,2,9,9,27,5,27,5,2,3,2,2,3,4,3,3,4,3,8,4,3,5,4,3,3,3,4,4,2,3,4,4,3,4,4,3
回答者898,1,41,5,2,9,9,27,5,27,5,3,2,1,3,2,3,2,2,4,3,6,3,5,3,2,3,2,3,3,2,3,3,2,2,3,3,2,2
回答者899,1,44,5,2,9,9,27,5,27,5,2,2,2,2,2,2,2,3,2,4,6,2,5,5,6,2,2,2,2,2,2,2,2,3,2,2,2,2
回答者900,1,45,6,2,9,9,28,5,28,5,3,3,2,3,3,3,4,4,5,3,3,5,5,5,3,3,2,3,2,3,3,3,3,2,3,3,2,3
回答者901,1,48,6,2,9,9,29,5,27,5,3,3,4,3,3,3,4,1,5,1,1,4,5,5,6,4,3,3,3,3,3,3,3,3,3,3,3,3
回答者902,1,46,6,2,9,9,27,5,27,5,4,3,2,4,3,4,4,3,4,2,4,3,5,5,4,2,4,3,3,3,2,3,3,2,2,2,3,4
回答者903,1,48,6,2,9,9,26,5,26,5,1,3,1,2,1,1,1,1,5,1,1,5,5,5,1,1,1,1,1,4,1,5,4,3,2,1,1,1
回答者904,1,45,6,2,9,9,27,5,27,5,4,4,2,3,2,3,2,1,2,1,3,3,3,3,2,2,2,3,4,4,2,2,3,3,4,2,3,3
回答者905,2,54,7,2,9,9,30,5,30,5,4,3,4,2,2,4,3,1,3,3,4,2,5,4,3,4,4,4,3,3,2,2,3,4,2,2,3,2
回答者906,1,52,7,2,9,9,27,5,27,5,2,3,4,3,3,3,3,4,4,2,4,4,5,5,6,3,3,3,3,3,3,3,3,3,3,3,3,3
回答者907,1,54,7,2,9,9,27,5,27,5,2,4,3,2,3,3,3,3,3,4,4,3,4,3,6,4,3,3,5,3,2,3,3,2,2,2,2,4
回答者908,1,51,7,2,9,9,27,5,26,5,5,5,5,5,5,5,5,4,5,5,8,5,4,5,3,4,5,4,5,5,5,5,5,5,5,5,5,5
回答者909,2,51,7,2,9,9,26,5,26,5,4,4,3,3,2,4,4,2,3,2,2,4,5,5,6,2,3,3,2,4,2,3,3,3,2,2,3,4
回答者910,1,50,7,2,9,9,27,5,27,5,1,1,4,1,1,1,1,1,2,4,8,2,3,3,4,3,2,3,1,4,2,1,1,1,1,1,1,2
回答者911,1,52,7,2,9,9,28,5,28,5,3,3,4,4,4,5,5,4,4,3,4,4,4,3,3,3,3,2,3,3,3,3,3,3,3,3,4,3
回答者912,1,52,7,2,9,9,27,5,27,5,2,2,2,4,3,4,3,3,3,1,4,4,5,4,2,2,2,2,2,2,3,2,2,2,2,1,3,3
回答者913,1,58,8,2,9,9,28,5,28,5,3,3,3,4,2,4,5,4,5,5,3,3,5,5,3,3,2,5,3,4,1,5,4,3,3,3,4,3
回答者914,1,57,8,2,9,9,27,5,26,5,4,4,4,4,4,4,4,4,5,3,4,5,5,5,6,2,3,3,4,3,3,3,3,3,3,2,3,2
回答者915,1,56,8,2,9,9,28,5,27,5,3,3,2,4,4,4,3,3,3,1,4,3,3,3,6,3,4,4,4,4,3,1,4,4,5,4,3,3
回答者916,2,55,8,2,9,9,29,5,29,5,2,2,1,2,1,3,2,1,2,3,6,2,3,3,2,2,2,2,2,2,4,1,2,2,1,1,3,3
回答者917,1,56,8,2,9,9,28,5,28,5,2,2,4,3,3,3,3,4,2,3,8,3,5,3,3,3,3,3,3,3,3,3,3,3,3,3,3,3
回答者918,1,59,8,2,9,9,27,5,26,5,2,3,3,3,3,4,3,3,3,1,4,3,5,5,3,2,2,4,3,3,2,4,3,3,2,2,3,3
回答者919,1,59,8,2,9,9,28,5,27,5,2,4,2,2,1,4,2,1,5,3,2,4,2,1,2,5,2,5,5,5,1,5,5,5,4,4,5,1
回答者920,1,56,8,2,9,9,29,5,29,5,2,2,3,2,3,3,2,2,2,1,4,4,4,3,2,2,2,2,2,2,2,2,2,2,2,2,2,2
回答者921,1,60,9,2,9,9,27,5,27,5,3,3,1,3,3,3,2,3,1,2,4,3,5,5,7,2,2,2,2,2,2,2,1,2,2,1,2,1
回答者922,1,61,9,2,9,9,27,5,27,5,2,2,4,4,4,4,5,4,3,2,4,4,5,5,2,4,4,2,4,3,3,3,3,3,3,3,3,3
回答者923,1,63,9,2,9,9,27,5,30,5,2,2,2,2,2,3,2,1,3,2,6,4,5,5,2,1,1,2,2,2,3,2,2,2,2,2,2,2
回答者924,1,60,9,2,9,9,28,5,28,5,2,2,4,3,2,4,4,4,3,1,1,4,5,5,3,2,2,3,2,4,2,3,4,3,2,2,2,2
回答者925,2,27,2,2,9,9,37,6,37,6,2,4,4,3,2,2,2,4,5,3,4,5,4,3,4,3,2,4,3,2,2,2,4,3,2,3,3,2
回答者926,2,29,2,2,9,9,34,6,34,6,3,1,1,1,1,3,2,4,2,5,8,1,2,3,7,1,2,2,2,2,2,1,1,3,2,2,4,5
回答者927,1,28,2,2,9,9,37,6,33,6,4,4,3,3,4,4,3,4,3,3,4,2,5,5,6,3,2,3,3,3,4,2,2,3,3,4,3,3
回答者928,1,33,3,2,9,9,34,6,34,6,1,1,1,1,2,1,1,1,1,1,1,1,1,1,2,1,2,1,1,2,1,1,1,1,1,2,1,1
回答者929,2,30,3,2,9,9,38,6,38,6,3,3,3,3,3,3,3,1,3,4,1,3,5,2,3,2,2,3,3,3,3,3,3,3,3,3,3,3
回答者930,1,34,3,2,9,9,34,6,34,6,2,3,3,2,3,2,4,4,4,3,1,1,5,4,2,2,2,3,3,2,2,3,3,2,3,3,3,2
回答者931,2,33,3,2,9,9,34,6,34,6,3,3,3,3,3,3,2,1,3,4,1,1,3,2,6,3,4,5,5,5,1,3,3,3,5,5,5,3
回答者932,2,30,3,2,9,9,34,6,34,6,2,2,2,2,2,2,3,3,3,3,4,4,5,4,3,2,3,2,2,3,2,2,2,3,2,2,3,2
回答者933,1,33,3,2,9,9,34,6,34,6,3,3,4,3,3,3,3,3,3,2,1,2,4,4,3,4,3,3,3,3,3,3,3,3,3,3,3,3
回答者934,1,39,4,2,9,9,37,6,37,6,1,1,5,4,3,2,4,3,2,4,5,4,5,5,7,2,2,3,2,3,3,2,2,3,2,3,2,2
回答者935,1,39,4,2,9,9,37,6,37,6,2,2,3,2,2,2,2,3,2,4,2,2,5,5,2,3,2,1,2,2,2,1,1,2,3,2,2,2
回答者936,1,36,4,2,9,9,33,6,34,6,4,4,3,2,4,3,2,3,4,4,4,2,4,3,6,2,2,2,4,4,2,3,4,3,2,3,4,3
回答者937,2,38,4,2,9,9,34,6,34,6,4,4,3,4,3,4,4,4,2,4,4,3,5,3,6,3,3,4,3,4,2,2,3,2,2,2,4,3
回答者938,1,43,5,2,9,9,35,6,34,6,3,2,3,3,4,4,2,3,4,3,4,3,4,3,3,2,3,4,3,3,4,2,3,3,4,2,3,3
回答者939,2,41,5,2,9,9,34,6,34,6,2,3,4,2,2,4,2,3,2,2,3,4,5,4,4,2,2,3,3,4,2,2,5,2,4,2,3,3
回答者940,1,42,5,2,9,9,33,6,33,6,1,5,5,2,1,5,3,3,5,3,4,2,3,3,2,3,5,3,1,1,5,3,3,3,3,3,3,3
回答者941,1,43,5,2,9,9,34,6,34,6,3,3,3,4,3,3,3,4,3,3,8,3,4,3,6,3,3,4,3,3,3,3,3,3,3,3,3,3
回答者942,1,49,6,2,9,9,34,6,34,6,1,4,5,5,2,4,5,1,3,1,1,2,5,5,2,2,2,4,4,3,1,2,2,4,4,3,4,4
回答者943,1,45,6,2,9,9,37,6,37,6,2,2,2,3,5,5,3,4,2,1,8,3,4,5,2,2,2,2,3,2,3,2,2,2,1,2,3,1
回答者944,1,45,6,2,9,9,34,6,34,6,1,2,1,2,2,2,2,3,2,2,4,3,5,5,6,2,2,4,2,3,2,3,2,2,3,2,3,3
回答者945,1,47,6,2,9,9,34,6,34,6,1,1,1,1,1,1,1,1,1,1,1,1,5,5,3,1,1,1,1,1,1,1,1,1,1,1,1,1
回答者946,1,45,6,2,9,9,37,6,37,6,4,4,4,4,4,4,3,4,3,3,4,3,4,3,3,3,3,3,3,3,3,3,3,3,3,3,3,3
回答者947,1,53,7,2,9,9,34,6,34,6,3,2,2,3,2,2,2,2,3,2,2,2,2,2,2,2,2,3,2,2,3,2,3,2,2,2,2,3
回答者948,2,53,7,2,9,9,35,6,35,6,4,3,2,2,3,4,2,1,2,2,4,2,1,2,3,4,4,2,4,4,2,5,4,5,4,4,4,3
回答者949,2,56,8,2,9,9,34,6,34,6,4,3,2,3,3,5,2,2,3,2,2,2,2,2,1,4,3,4,3,4,4,1,2,1,2,4,3,3
回答者950,1,59,8,2,9,9,35,6,35,6,3,3,3,4,4,5,3,4,3,2,4,3,5,5,6,4,3,3,3,3,3,3,3,4,3,4,3,3
回答者951,2,55,8,2,9,9,37,6,37,6,3,3,3,2,3,2,3,2,3,2,4,3,2,3,3,3,3,2,3,3,2,4,3,3,3,3,3,3
回答者952,1,58,8,2,9,9,34,6,34,6,2,3,3,4,5,5,4,4,4,3,8,5,5,5,4,3,3,3,3,3,3,3,4,3,3,3,5,3
回答者953,1,56,8,2,9,9,33,6,33,6,4,4,2,4,4,5,4,4,4,2,7,5,5,4,2,2,3,2,2,2,2,3,3,4,2,2,3,3
回答者954,1,57,8,2,9,9,35,6,35,6,3,4,3,3,4,3,3,1,4,2,8,2,4,3,4,3,4,3,4,5,3,3,4,4,5,5,5,2
回答者955,1,62,9,2,9,9,37,6,37,6,2,2,3,2,3,4,2,1,4,2,8,3,4,3,3,2,3,3,3,4,2,3,3,4,3,3,3,3
回答者956,1,63,9,2,9,9,37,6,37,6,2,3,5,3,5,5,5,4,5,3,8,5,5,5,7,3,3,3,3,3,4,3,3,3,3,3,3,3
回答者957,1,63,9,2,9,9,38,6,38,6,1,2,2,3,1,5,2,1,4,1,2,4,5,2,4,2,2,1,3,3,2,2,2,3,2,1,4,3
回答者958,1,63,9,2,9,9,35,6,35,6,3,3,2,2,1,2,2,2,3,3,2,3,2,2,2,3,2,3,2,3,3,3,3,2,3,3,2,2
回答者959,1,61,9,2,9,9,33,6,33,6,2,1,2,2,2,3,3,3,3,3,3,2,2,4,2,3,2,3,3,3,3,2,2,3,3,2,2,3
回答者960,1,64,9,2,9,9,32,6,32,6,3,4,3,2,3,3,3,3,3,3,4,3,2,2,4,3,3,2,3,4,3,3,2,3,3,3,4,3
回答者961,1,63,9,2,9,9,37,6,37,6,1,1,1,1,1,1,5,2,5,3,8,5,5,5,7,5,5,5,5,4,4,4,5,5,5,5,5,5
回答者962,1,27,2,2,9,9,43,7,43,7,3,3,3,3,3,4,3,4,3,3,4,3,2,2,2,3,3,4,3,4,3,3,3,3,3,3,3,3
回答者963,2,29,2,2,9,9,46,7,46,7,2,4,3,1,4,5,3,1,4,1,8,2,3,4,3,3,4,2,4,4,3,2,2,3,3,3,4,3
回答者964,1,27,2,2,9,9,42,7,42,7,5,2,4,3,4,3,3,2,3,3,4,3,3,3,2,3,2,1,3,3,2,3,4,3,2,4,3,2
回答者965,1,28,2,2,9,9,47,7,47,7,2,2,3,3,3,2,3,3,3,4,4,2,4,2,3,3,2,4,2,3,2,3,3,3,2,2,4,3
回答者966,2,33,3,2,9,9,42,7,42,7,1,2,2,1,2,2,1,2,3,4,4,1,2,2,2,2,1,2,2,1,1,3,2,1,1,2,3,2
回答者967,2,34,3,2,9,9,40,7,40,7,2,4,4,4,4,4,2,3,5,4,4,4,5,5,6,2,2,2,2,2,2,1,2,2,3,2,3,3
回答者968,2,33,3,2,9,9,40,7,40,7,5,5,5,1,5,5,4,1,5,5,8,1,1,2,6,5,5,5,5,5,5,1,5,5,5,5,5,5
回答者969,1,30,3,2,9,9,42,7,42,7,3,3,3,3,3,3,3,3,3,3,4,3,4,3,3,3,3,2,3,3,3,2,3,3,3,3,3,3
回答者970,1,34,3,2,9,9,47,7,47,7,2,3,2,3,2,3,2,1,1,1,2,2,5,5,2,2,2,3,2,2,2,3,2,2,2,3,2,2
回答者971,1,33,3,2,9,9,40,7,40,7,2,3,4,3,3,3,3,2,4,3,4,2,3,2,3,3,4,4,4,4,2,5,3,4,4,5,5,3
回答者972,2,38,4,2,9,9,40,7,40,7,4,4,2,3,3,3,4,4,3,5,4,3,5,3,7,2,3,3,3,3,3,4,3,3,3,2,2,3
回答者973,1,36,4,2,9,9,47,7,47,7,3,4,4,4,4,4,4,4,4,3,4,3,5,4,3,3,2,2,3,4,3,3,3,3,3,2,2,3
回答者974,1,39,4,2,9,9,40,7,40,7,5,5,5,5,5,5,1,1,3,2,4,1,5,2,4,3,3,3,3,3,3,3,4,4,2,3,3,2
回答者975,1,35,4,2,9,9,40,7,40,7,3,2,5,3,5,5,3,1,3,2,4,2,4,2,2,2,2,3,2,2,4,2,3,2,4,3,5,5
回答者976,2,38,4,2,9,9,45,7,45,7,2,3,5,5,5,5,3,4,2,1,8,1,5,5,7,3,2,1,1,1,3,3,3,3,5,3,5,1
回答者977,2,36,4,2,9,9,40,7,40,7,2,4,4,3,2,5,3,4,3,3,4,3,5,4,6,2,3,3,3,3,2,3,2,4,2,2,3,3
回答者978,1,39,4,2,9,9,41,7,41,7,4,3,4,4,4,3,4,4,5,4,2,5,5,5,5,4,3,3,4,4,3,2,3,5,3,3,3,3
回答者979,1,43,5,2,9,9,42,7,42,7,3,2,2,3,4,3,2,2,2,2,2,2,3,3,2,2,3,3,4,3,3,2,3,2,3,4,4,2
回答者980,2,42,5,2,9,9,44,7,44,7,2,2,2,1,3,5,3,4,5,3,1,5,5,5,2,2,1,3,2,3,1,2,3,2,1,1,4,5
回答者981,1,43,5,2,9,9,46,7,46,7,5,5,5,5,5,5,5,4,5,5,8,5,5,5,7,5,5,5,5,5,5,5,5,5,5,5,5,5
回答者982,2,41,5,2,9,9,45,7,45,7,2,5,3,1,2,1,2,1,5,2,5,1,3,3,7,2,3,3,3,3,2,2,3,4,3,4,5,3
回答者983,2,44,5,2,9,9,40,7,40,7,5,2,4,4,4,4,5,1,5,1,4,3,5,2,4,3,4,5,5,5,2,4,4,4,5,2,5,5
回答者984,1,40,5,2,9,9,42,7,42,7,2,2,3,2,1,2,2,2,3,3,3,1,3,2,2,2,2,2,3,3,3,2,2,2,3,2,3,3
回答者985,1,46,6,2,9,9,43,7,43,7,2,3,5,1,1,4,2,3,4,1,1,2,3,2,6,2,1,4,2,3,4,5,4,5,5,2,2,5
回答者986,2,45,6,2,9,9,43,7,43,7,3,3,4,2,4,3,3,3,2,2,8,2,4,3,3,3,3,2,2,2,3,2,3,3,4,3,3,2
回答者987,2,45,6,2,9,9,44,7,44,7,1,3,1,1,2,2,3,4,2,1,1,3,5,5,6,2,2,2,2,2,2,2,1,2,4,2,2,2
回答者988,1,45,6,2,9,9,46,7,46,7,3,3,3,3,3,3,3,4,3,3,8,3,4,4,4,2,3,3,3,3,2,3,3,3,3,3,3,3
回答者989,1,45,6,2,9,9,43,7,43,7,3,3,2,4,3,2,4,4,4,3,3,4,5,3,4,2,4,3,2,4,3,3,4,2,3,3,3,2
回答者990,1,53,7,2,9,9,43,7,43,7,3,4,2,2,3,3,2,2,2,2,2,2,3,3,2,1,3,2,3,4,3,2,3,3,3,4,4,4
回答者991,1,51,7,2,9,9,42,7,42,7,2,2,2,1,2,2,2,2,3,2,8,3,3,2,2,3,2,3,3,3,2,3,3,4,3,3,2,3
回答者992,1,53,7,2,9,9,47,7,47,7,3,3,3,3,3,4,3,4,3,3,4,3,4,4,4,3,3,3,3,3,2,3,3,3,3,3,3,3
回答者993,1,52,7,2,9,9,40,7,40,7,3,2,3,3,3,3,4,3,5,5,8,3,4,4,5,3,3,3,3,3,3,3,3,3,3,3,3,3
回答者994,1,50,7,2,9,9,41,7,41,7,2,2,2,2,2,2,1,1,1,1,1,1,5,4,2,2,2,2,2,2,2,2,2,2,2,2,2,2
回答者995,1,58,8,2,9,9,40,7,40,7,2,2,2,2,3,2,3,1,3,2,4,3,2,3,6,2,3,3,2,3,2,4,3,2,2,3,4,2
回答者996,1,58,8,2,9,9,43,7,43,7,3,4,5,3,3,3,4,1,5,5,4,1,4,3,4,5,3,5,5,5,1,5,5,5,3,5,5,1
回答者997,1,55,8,2,9,9,41,7,40,7,3,5,3,5,4,4,3,3,3,3,4,2,3,2,3,3,3,3,3,3,3,3,3,3,3,3,3,4
回答者998,1,63,9,2,9,9,45,7,45,7,4,5,5,3,3,3,3,1,5,1,1,1,5,5,3,2,2,4,3,5,1,3,3,3,3,2,2,3
回答者999,1,61,9,2,9,9,40,7,40,7,3,3,4,5,3,4,5,4,4,2,4,1,4,4,7,2,2,5,4,5,2,5,2,2,3,2,2,2
回答者1000,1,64,9,2,9,9,40,7,40,7,2,2,2,3,3,2,4,3,4,4,7,2,2,2,3,2,3,2,3,2,2,2,2,3,2,2,2,2
